ID,duration,wav,wav_format,wav_opts
noise-free-sound-0423_0,12.25,/u/home/s/spaceman/project-voicesafe/spapl/vijay/speechbrain/cough_audio/icbi//noise/pointsource_noises/noise-free-sound-0423.wav,wav,
noise-free-sound-0424_1,16.666125,/u/home/s/spaceman/project-voicesafe/spapl/vijay/speechbrain/cough_audio/icbi//noise/pointsource_noises/noise-free-sound-0424.wav,wav,
noise-free-sound-0001_2,40.5365,/u/home/s/spaceman/project-voicesafe/spapl/vijay/speechbrain/cough_audio/icbi//noise/pointsource_noises/noise-free-sound-0001.wav,wav,
noise-free-sound-0002_3,71.2175,/u/home/s/spaceman/project-voicesafe/spapl/vijay/speechbrain/cough_audio/icbi//noise/pointsource_noises/noise-free-sound-0002.wav,wav,
noise-free-sound-0003_4,14.2358125,/u/home/s/spaceman/project-voicesafe/spapl/vijay/speechbrain/cough_audio/icbi//noise/pointsource_noises/noise-free-sound-0003.wav,wav,
noise-free-sound-0004_5,2.9865,/u/home/s/spaceman/project-voicesafe/spapl/vijay/speechbrain/cough_audio/icbi//noise/pointsource_noises/noise-free-sound-0004.wav,wav,
noise-free-sound-0005_6,21.1853125,/u/home/s/spaceman/project-voicesafe/spapl/vijay/speechbrain/cough_audio/icbi//noise/pointsource_noises/noise-free-sound-0005.wav,wav,
noise-free-sound-0006_7,7.7701875,/u/home/s/spaceman/project-voicesafe/spapl/vijay/speechbrain/cough_audio/icbi//noise/pointsource_noises/noise-free-sound-0006.wav,wav,
noise-free-sound-0007_8,16.613875,/u/home/s/spaceman/project-voicesafe/spapl/vijay/speechbrain/cough_audio/icbi//noise/pointsource_noises/noise-free-sound-0007.wav,wav,
noise-free-sound-0008_9,20.8050625,/u/home/s/spaceman/project-voicesafe/spapl/vijay/speechbrain/cough_audio/icbi//noise/pointsource_noises/noise-free-sound-0008.wav,wav,
noise-free-sound-0009_10,8.3866875,/u/home/s/spaceman/project-voicesafe/spapl/vijay/speechbrain/cough_audio/icbi//noise/pointsource_noises/noise-free-sound-0009.wav,wav,
noise-free-sound-0010_11,8.2415625,/u/home/s/spaceman/project-voicesafe/spapl/vijay/speechbrain/cough_audio/icbi//noise/pointsource_noises/noise-free-sound-0010.wav,wav,
noise-free-sound-0011_12,34.8501875,/u/home/s/spaceman/project-voicesafe/spapl/vijay/speechbrain/cough_audio/icbi//noise/pointsource_noises/noise-free-sound-0011.wav,wav,
noise-free-sound-0012_13,32.15625,/u/home/s/spaceman/project-voicesafe/spapl/vijay/speechbrain/cough_audio/icbi//noise/pointsource_noises/noise-free-sound-0012.wav,wav,
noise-free-sound-0013_14,1.5445,/u/home/s/spaceman/project-voicesafe/spapl/vijay/speechbrain/cough_audio/icbi//noise/pointsource_noises/noise-free-sound-0013.wav,wav,
noise-free-sound-0014_15,3.4159375,/u/home/s/spaceman/project-voicesafe/spapl/vijay/speechbrain/cough_audio/icbi//noise/pointsource_noises/noise-free-sound-0014.wav,wav,
noise-free-sound-0015_16,91.244875,/u/home/s/spaceman/project-voicesafe/spapl/vijay/speechbrain/cough_audio/icbi//noise/pointsource_noises/noise-free-sound-0015.wav,wav,
noise-free-sound-0016_17,4.0,/u/home/s/spaceman/project-voicesafe/spapl/vijay/speechbrain/cough_audio/icbi//noise/pointsource_noises/noise-free-sound-0016.wav,wav,
noise-free-sound-0017_18,7.8773125,/u/home/s/spaceman/project-voicesafe/spapl/vijay/speechbrain/cough_audio/icbi//noise/pointsource_noises/noise-free-sound-0017.wav,wav,
noise-free-sound-0018_19,14.5763125,/u/home/s/spaceman/project-voicesafe/spapl/vijay/speechbrain/cough_audio/icbi//noise/pointsource_noises/noise-free-sound-0018.wav,wav,
noise-free-sound-0019_20,11.55775,/u/home/s/spaceman/project-voicesafe/spapl/vijay/speechbrain/cough_audio/icbi//noise/pointsource_noises/noise-free-sound-0019.wav,wav,
noise-free-sound-0020_21,60.18575,/u/home/s/spaceman/project-voicesafe/spapl/vijay/speechbrain/cough_audio/icbi//noise/pointsource_noises/noise-free-sound-0020.wav,wav,
noise-free-sound-0021_22,18.0453125,/u/home/s/spaceman/project-voicesafe/spapl/vijay/speechbrain/cough_audio/icbi//noise/pointsource_noises/noise-free-sound-0021.wav,wav,
noise-free-sound-0022_23,24.832,/u/home/s/spaceman/project-voicesafe/spapl/vijay/speechbrain/cough_audio/icbi//noise/pointsource_noises/noise-free-sound-0022.wav,wav,
noise-free-sound-0023_24,11.24,/u/home/s/spaceman/project-voicesafe/spapl/vijay/speechbrain/cough_audio/icbi//noise/pointsource_noises/noise-free-sound-0023.wav,wav,
noise-free-sound-0024_25,19.7790625,/u/home/s/spaceman/project-voicesafe/spapl/vijay/speechbrain/cough_audio/icbi//noise/pointsource_noises/noise-free-sound-0024.wav,wav,
noise-free-sound-0025_26,2.3466875,/u/home/s/spaceman/project-voicesafe/spapl/vijay/speechbrain/cough_audio/icbi//noise/pointsource_noises/noise-free-sound-0025.wav,wav,
noise-free-sound-0026_27,3.7973125,/u/home/s/spaceman/project-voicesafe/spapl/vijay/speechbrain/cough_audio/icbi//noise/pointsource_noises/noise-free-sound-0026.wav,wav,
noise-free-sound-0027_28,23.04,/u/home/s/spaceman/project-voicesafe/spapl/vijay/speechbrain/cough_audio/icbi//noise/pointsource_noises/noise-free-sound-0027.wav,wav,
noise-free-sound-0028_29,19.6179375,/u/home/s/spaceman/project-voicesafe/spapl/vijay/speechbrain/cough_audio/icbi//noise/pointsource_noises/noise-free-sound-0028.wav,wav,
noise-free-sound-0029_30,8.90775,/u/home/s/spaceman/project-voicesafe/spapl/vijay/speechbrain/cough_audio/icbi//noise/pointsource_noises/noise-free-sound-0029.wav,wav,
noise-free-sound-0030_31,73.01225,/u/home/s/spaceman/project-voicesafe/spapl/vijay/speechbrain/cough_audio/icbi//noise/pointsource_noises/noise-free-sound-0030.wav,wav,
noise-free-sound-0031_32,35.4743125,/u/home/s/spaceman/project-voicesafe/spapl/vijay/speechbrain/cough_audio/icbi//noise/pointsource_noises/noise-free-sound-0031.wav,wav,
noise-free-sound-0032_33,61.42,/u/home/s/spaceman/project-voicesafe/spapl/vijay/speechbrain/cough_audio/icbi//noise/pointsource_noises/noise-free-sound-0032.wav,wav,
noise-free-sound-0033_34,5.5263125,/u/home/s/spaceman/project-voicesafe/spapl/vijay/speechbrain/cough_audio/icbi//noise/pointsource_noises/noise-free-sound-0033.wav,wav,
noise-free-sound-0034_35,20.689,/u/home/s/spaceman/project-voicesafe/spapl/vijay/speechbrain/cough_audio/icbi//noise/pointsource_noises/noise-free-sound-0034.wav,wav,
noise-free-sound-0035_36,31.9333125,/u/home/s/spaceman/project-voicesafe/spapl/vijay/speechbrain/cough_audio/icbi//noise/pointsource_noises/noise-free-sound-0035.wav,wav,
noise-free-sound-0036_37,4.57,/u/home/s/spaceman/project-voicesafe/spapl/vijay/speechbrain/cough_audio/icbi//noise/pointsource_noises/noise-free-sound-0036.wav,wav,
noise-free-sound-0037_38,0.94,/u/home/s/spaceman/project-voicesafe/spapl/vijay/speechbrain/cough_audio/icbi//noise/pointsource_noises/noise-free-sound-0037.wav,wav,
noise-free-sound-0038_39,0.9133125,/u/home/s/spaceman/project-voicesafe/spapl/vijay/speechbrain/cough_audio/icbi//noise/pointsource_noises/noise-free-sound-0038.wav,wav,
noise-free-sound-0039_40,3.4466875,/u/home/s/spaceman/project-voicesafe/spapl/vijay/speechbrain/cough_audio/icbi//noise/pointsource_noises/noise-free-sound-0039.wav,wav,
noise-free-sound-0040_41,16.73,/u/home/s/spaceman/project-voicesafe/spapl/vijay/speechbrain/cough_audio/icbi//noise/pointsource_noises/noise-free-sound-0040.wav,wav,
noise-free-sound-0041_42,57.782875,/u/home/s/spaceman/project-voicesafe/spapl/vijay/speechbrain/cough_audio/icbi//noise/pointsource_noises/noise-free-sound-0041.wav,wav,
noise-free-sound-0042_43,319.5559375,/u/home/s/spaceman/project-voicesafe/spapl/vijay/speechbrain/cough_audio/icbi//noise/pointsource_noises/noise-free-sound-0042.wav,wav,
noise-free-sound-0043_44,1.5325,/u/home/s/spaceman/project-voicesafe/spapl/vijay/speechbrain/cough_audio/icbi//noise/pointsource_noises/noise-free-sound-0043.wav,wav,
noise-free-sound-0044_45,4.5975625,/u/home/s/spaceman/project-voicesafe/spapl/vijay/speechbrain/cough_audio/icbi//noise/pointsource_noises/noise-free-sound-0044.wav,wav,
noise-free-sound-0045_46,4.644,/u/home/s/spaceman/project-voicesafe/spapl/vijay/speechbrain/cough_audio/icbi//noise/pointsource_noises/noise-free-sound-0045.wav,wav,
noise-free-sound-0046_47,4.62075,/u/home/s/spaceman/project-voicesafe/spapl/vijay/speechbrain/cough_audio/icbi//noise/pointsource_noises/noise-free-sound-0046.wav,wav,
noise-free-sound-0047_48,5.2966875,/u/home/s/spaceman/project-voicesafe/spapl/vijay/speechbrain/cough_audio/icbi//noise/pointsource_noises/noise-free-sound-0047.wav,wav,
noise-free-sound-0048_49,494.6599375,/u/home/s/spaceman/project-voicesafe/spapl/vijay/speechbrain/cough_audio/icbi//noise/pointsource_noises/noise-free-sound-0048.wav,wav,
noise-free-sound-0049_50,3.4666875,/u/home/s/spaceman/project-voicesafe/spapl/vijay/speechbrain/cough_audio/icbi//noise/pointsource_noises/noise-free-sound-0049.wav,wav,
noise-free-sound-0050_51,4.133125,/u/home/s/spaceman/project-voicesafe/spapl/vijay/speechbrain/cough_audio/icbi//noise/pointsource_noises/noise-free-sound-0050.wav,wav,
noise-free-sound-0051_52,6.52,/u/home/s/spaceman/project-voicesafe/spapl/vijay/speechbrain/cough_audio/icbi//noise/pointsource_noises/noise-free-sound-0051.wav,wav,
noise-free-sound-0052_53,5.6641875,/u/home/s/spaceman/project-voicesafe/spapl/vijay/speechbrain/cough_audio/icbi//noise/pointsource_noises/noise-free-sound-0052.wav,wav,
noise-free-sound-0053_54,5.2719375,/u/home/s/spaceman/project-voicesafe/spapl/vijay/speechbrain/cough_audio/icbi//noise/pointsource_noises/noise-free-sound-0053.wav,wav,
noise-free-sound-0054_55,10.053375,/u/home/s/spaceman/project-voicesafe/spapl/vijay/speechbrain/cough_audio/icbi//noise/pointsource_noises/noise-free-sound-0054.wav,wav,
noise-free-sound-0055_56,40.09775,/u/home/s/spaceman/project-voicesafe/spapl/vijay/speechbrain/cough_audio/icbi//noise/pointsource_noises/noise-free-sound-0055.wav,wav,
noise-free-sound-0056_57,9.74275,/u/home/s/spaceman/project-voicesafe/spapl/vijay/speechbrain/cough_audio/icbi//noise/pointsource_noises/noise-free-sound-0056.wav,wav,
noise-free-sound-0057_58,8.1304375,/u/home/s/spaceman/project-voicesafe/spapl/vijay/speechbrain/cough_audio/icbi//noise/pointsource_noises/noise-free-sound-0057.wav,wav,
noise-free-sound-0058_59,2.0,/u/home/s/spaceman/project-voicesafe/spapl/vijay/speechbrain/cough_audio/icbi//noise/pointsource_noises/noise-free-sound-0058.wav,wav,
noise-free-sound-0059_60,30.4428125,/u/home/s/spaceman/project-voicesafe/spapl/vijay/speechbrain/cough_audio/icbi//noise/pointsource_noises/noise-free-sound-0059.wav,wav,
noise-free-sound-0060_61,1.044875,/u/home/s/spaceman/project-voicesafe/spapl/vijay/speechbrain/cough_audio/icbi//noise/pointsource_noises/noise-free-sound-0060.wav,wav,
noise-free-sound-0061_62,11.0498125,/u/home/s/spaceman/project-voicesafe/spapl/vijay/speechbrain/cough_audio/icbi//noise/pointsource_noises/noise-free-sound-0061.wav,wav,
noise-free-sound-0062_63,6.0666875,/u/home/s/spaceman/project-voicesafe/spapl/vijay/speechbrain/cough_audio/icbi//noise/pointsource_noises/noise-free-sound-0062.wav,wav,
noise-free-sound-0063_64,6.2666875,/u/home/s/spaceman/project-voicesafe/spapl/vijay/speechbrain/cough_audio/icbi//noise/pointsource_noises/noise-free-sound-0063.wav,wav,
noise-free-sound-0064_65,100.1333125,/u/home/s/spaceman/project-voicesafe/spapl/vijay/speechbrain/cough_audio/icbi//noise/pointsource_noises/noise-free-sound-0064.wav,wav,
noise-free-sound-0065_66,6.9753125,/u/home/s/spaceman/project-voicesafe/spapl/vijay/speechbrain/cough_audio/icbi//noise/pointsource_noises/noise-free-sound-0065.wav,wav,
noise-free-sound-0066_67,60.9436875,/u/home/s/spaceman/project-voicesafe/spapl/vijay/speechbrain/cough_audio/icbi//noise/pointsource_noises/noise-free-sound-0066.wav,wav,
noise-free-sound-0067_68,39.889,/u/home/s/spaceman/project-voicesafe/spapl/vijay/speechbrain/cough_audio/icbi//noise/pointsource_noises/noise-free-sound-0067.wav,wav,
noise-free-sound-0068_69,20.075,/u/home/s/spaceman/project-voicesafe/spapl/vijay/speechbrain/cough_audio/icbi//noise/pointsource_noises/noise-free-sound-0068.wav,wav,
noise-free-sound-0069_70,2.5714375,/u/home/s/spaceman/project-voicesafe/spapl/vijay/speechbrain/cough_audio/icbi//noise/pointsource_noises/noise-free-sound-0069.wav,wav,
noise-free-sound-0070_71,17.98025,/u/home/s/spaceman/project-voicesafe/spapl/vijay/speechbrain/cough_audio/icbi//noise/pointsource_noises/noise-free-sound-0070.wav,wav,
noise-free-sound-0071_72,9.3919375,/u/home/s/spaceman/project-voicesafe/spapl/vijay/speechbrain/cough_audio/icbi//noise/pointsource_noises/noise-free-sound-0071.wav,wav,
noise-free-sound-0072_73,26.6225625,/u/home/s/spaceman/project-voicesafe/spapl/vijay/speechbrain/cough_audio/icbi//noise/pointsource_noises/noise-free-sound-0072.wav,wav,
noise-free-sound-0073_74,124.5685625,/u/home/s/spaceman/project-voicesafe/spapl/vijay/speechbrain/cough_audio/icbi//noise/pointsource_noises/noise-free-sound-0073.wav,wav,
noise-free-sound-0074_75,17.24,/u/home/s/spaceman/project-voicesafe/spapl/vijay/speechbrain/cough_audio/icbi//noise/pointsource_noises/noise-free-sound-0074.wav,wav,
noise-free-sound-0075_76,20.31125,/u/home/s/spaceman/project-voicesafe/spapl/vijay/speechbrain/cough_audio/icbi//noise/pointsource_noises/noise-free-sound-0075.wav,wav,
noise-free-sound-0076_77,80.0,/u/home/s/spaceman/project-voicesafe/spapl/vijay/speechbrain/cough_audio/icbi//noise/pointsource_noises/noise-free-sound-0076.wav,wav,
noise-free-sound-0077_78,11.7233125,/u/home/s/spaceman/project-voicesafe/spapl/vijay/speechbrain/cough_audio/icbi//noise/pointsource_noises/noise-free-sound-0077.wav,wav,
noise-free-sound-0078_79,10.370625,/u/home/s/spaceman/project-voicesafe/spapl/vijay/speechbrain/cough_audio/icbi//noise/pointsource_noises/noise-free-sound-0078.wav,wav,
noise-free-sound-0079_80,6.0005625,/u/home/s/spaceman/project-voicesafe/spapl/vijay/speechbrain/cough_audio/icbi//noise/pointsource_noises/noise-free-sound-0079.wav,wav,
noise-free-sound-0080_81,30.374625,/u/home/s/spaceman/project-voicesafe/spapl/vijay/speechbrain/cough_audio/icbi//noise/pointsource_noises/noise-free-sound-0080.wav,wav,
noise-free-sound-0081_82,21.5824375,/u/home/s/spaceman/project-voicesafe/spapl/vijay/speechbrain/cough_audio/icbi//noise/pointsource_noises/noise-free-sound-0081.wav,wav,
noise-free-sound-0082_83,20.20375,/u/home/s/spaceman/project-voicesafe/spapl/vijay/speechbrain/cough_audio/icbi//noise/pointsource_noises/noise-free-sound-0082.wav,wav,
noise-free-sound-0083_84,0.59125,/u/home/s/spaceman/project-voicesafe/spapl/vijay/speechbrain/cough_audio/icbi//noise/pointsource_noises/noise-free-sound-0083.wav,wav,
noise-free-sound-0084_85,19.4194375,/u/home/s/spaceman/project-voicesafe/spapl/vijay/speechbrain/cough_audio/icbi//noise/pointsource_noises/noise-free-sound-0084.wav,wav,
noise-free-sound-0085_86,4.671375,/u/home/s/spaceman/project-voicesafe/spapl/vijay/speechbrain/cough_audio/icbi//noise/pointsource_noises/noise-free-sound-0085.wav,wav,
noise-free-sound-0086_87,51.685,/u/home/s/spaceman/project-voicesafe/spapl/vijay/speechbrain/cough_audio/icbi//noise/pointsource_noises/noise-free-sound-0086.wav,wav,
noise-free-sound-0087_88,2.8,/u/home/s/spaceman/project-voicesafe/spapl/vijay/speechbrain/cough_audio/icbi//noise/pointsource_noises/noise-free-sound-0087.wav,wav,
noise-free-sound-0088_89,44.8666875,/u/home/s/spaceman/project-voicesafe/spapl/vijay/speechbrain/cough_audio/icbi//noise/pointsource_noises/noise-free-sound-0088.wav,wav,
noise-free-sound-0089_90,13.871,/u/home/s/spaceman/project-voicesafe/spapl/vijay/speechbrain/cough_audio/icbi//noise/pointsource_noises/noise-free-sound-0089.wav,wav,
noise-free-sound-0090_91,5.8441875,/u/home/s/spaceman/project-voicesafe/spapl/vijay/speechbrain/cough_audio/icbi//noise/pointsource_noises/noise-free-sound-0090.wav,wav,
noise-free-sound-0091_92,5.062125,/u/home/s/spaceman/project-voicesafe/spapl/vijay/speechbrain/cough_audio/icbi//noise/pointsource_noises/noise-free-sound-0091.wav,wav,
noise-free-sound-0092_93,15.079625,/u/home/s/spaceman/project-voicesafe/spapl/vijay/speechbrain/cough_audio/icbi//noise/pointsource_noises/noise-free-sound-0092.wav,wav,
noise-free-sound-0093_94,5.317375,/u/home/s/spaceman/project-voicesafe/spapl/vijay/speechbrain/cough_audio/icbi//noise/pointsource_noises/noise-free-sound-0093.wav,wav,
noise-free-sound-0094_95,5.5898125,/u/home/s/spaceman/project-voicesafe/spapl/vijay/speechbrain/cough_audio/icbi//noise/pointsource_noises/noise-free-sound-0094.wav,wav,
noise-free-sound-0095_96,4.068375,/u/home/s/spaceman/project-voicesafe/spapl/vijay/speechbrain/cough_audio/icbi//noise/pointsource_noises/noise-free-sound-0095.wav,wav,
noise-free-sound-0096_97,7.7841875,/u/home/s/spaceman/project-voicesafe/spapl/vijay/speechbrain/cough_audio/icbi//noise/pointsource_noises/noise-free-sound-0096.wav,wav,
noise-free-sound-0097_98,2.7369375,/u/home/s/spaceman/project-voicesafe/spapl/vijay/speechbrain/cough_audio/icbi//noise/pointsource_noises/noise-free-sound-0097.wav,wav,
noise-free-sound-0098_99,2.766,/u/home/s/spaceman/project-voicesafe/spapl/vijay/speechbrain/cough_audio/icbi//noise/pointsource_noises/noise-free-sound-0098.wav,wav,
noise-free-sound-0099_100,7.4946875,/u/home/s/spaceman/project-voicesafe/spapl/vijay/speechbrain/cough_audio/icbi//noise/pointsource_noises/noise-free-sound-0099.wav,wav,
noise-free-sound-0100_101,7.323125,/u/home/s/spaceman/project-voicesafe/spapl/vijay/speechbrain/cough_audio/icbi//noise/pointsource_noises/noise-free-sound-0100.wav,wav,
noise-free-sound-0101_102,112.90125,/u/home/s/spaceman/project-voicesafe/spapl/vijay/speechbrain/cough_audio/icbi//noise/pointsource_noises/noise-free-sound-0101.wav,wav,
noise-free-sound-0102_103,143.62125,/u/home/s/spaceman/project-voicesafe/spapl/vijay/speechbrain/cough_audio/icbi//noise/pointsource_noises/noise-free-sound-0102.wav,wav,
noise-free-sound-0103_104,5.2381875,/u/home/s/spaceman/project-voicesafe/spapl/vijay/speechbrain/cough_audio/icbi//noise/pointsource_noises/noise-free-sound-0103.wav,wav,
noise-free-sound-0104_105,15.888,/u/home/s/spaceman/project-voicesafe/spapl/vijay/speechbrain/cough_audio/icbi//noise/pointsource_noises/noise-free-sound-0104.wav,wav,
noise-free-sound-0105_106,306.4163125,/u/home/s/spaceman/project-voicesafe/spapl/vijay/speechbrain/cough_audio/icbi//noise/pointsource_noises/noise-free-sound-0105.wav,wav,
noise-free-sound-0106_107,153.952,/u/home/s/spaceman/project-voicesafe/spapl/vijay/speechbrain/cough_audio/icbi//noise/pointsource_noises/noise-free-sound-0106.wav,wav,
noise-free-sound-0107_108,11.766,/u/home/s/spaceman/project-voicesafe/spapl/vijay/speechbrain/cough_audio/icbi//noise/pointsource_noises/noise-free-sound-0107.wav,wav,
noise-free-sound-0108_109,19.3963125,/u/home/s/spaceman/project-voicesafe/spapl/vijay/speechbrain/cough_audio/icbi//noise/pointsource_noises/noise-free-sound-0108.wav,wav,
noise-free-sound-0109_110,37.101875,/u/home/s/spaceman/project-voicesafe/spapl/vijay/speechbrain/cough_audio/icbi//noise/pointsource_noises/noise-free-sound-0109.wav,wav,
noise-free-sound-0110_111,40.8931875,/u/home/s/spaceman/project-voicesafe/spapl/vijay/speechbrain/cough_audio/icbi//noise/pointsource_noises/noise-free-sound-0110.wav,wav,
noise-free-sound-0111_112,16.4451875,/u/home/s/spaceman/project-voicesafe/spapl/vijay/speechbrain/cough_audio/icbi//noise/pointsource_noises/noise-free-sound-0111.wav,wav,
noise-free-sound-0112_113,1.0144375,/u/home/s/spaceman/project-voicesafe/spapl/vijay/speechbrain/cough_audio/icbi//noise/pointsource_noises/noise-free-sound-0112.wav,wav,
noise-free-sound-0113_114,5.8461875,/u/home/s/spaceman/project-voicesafe/spapl/vijay/speechbrain/cough_audio/icbi//noise/pointsource_noises/noise-free-sound-0113.wav,wav,
noise-free-sound-0114_115,99.9298125,/u/home/s/spaceman/project-voicesafe/spapl/vijay/speechbrain/cough_audio/icbi//noise/pointsource_noises/noise-free-sound-0114.wav,wav,
noise-free-sound-0115_116,2.577125,/u/home/s/spaceman/project-voicesafe/spapl/vijay/speechbrain/cough_audio/icbi//noise/pointsource_noises/noise-free-sound-0115.wav,wav,
noise-free-sound-0116_117,8.82075,/u/home/s/spaceman/project-voicesafe/spapl/vijay/speechbrain/cough_audio/icbi//noise/pointsource_noises/noise-free-sound-0116.wav,wav,
noise-free-sound-0117_118,33.6573125,/u/home/s/spaceman/project-voicesafe/spapl/vijay/speechbrain/cough_audio/icbi//noise/pointsource_noises/noise-free-sound-0117.wav,wav,
noise-free-sound-0118_119,17.41,/u/home/s/spaceman/project-voicesafe/spapl/vijay/speechbrain/cough_audio/icbi//noise/pointsource_noises/noise-free-sound-0118.wav,wav,
noise-free-sound-0119_120,70.728,/u/home/s/spaceman/project-voicesafe/spapl/vijay/speechbrain/cough_audio/icbi//noise/pointsource_noises/noise-free-sound-0119.wav,wav,
noise-free-sound-0120_121,18.4344375,/u/home/s/spaceman/project-voicesafe/spapl/vijay/speechbrain/cough_audio/icbi//noise/pointsource_noises/noise-free-sound-0120.wav,wav,
noise-free-sound-0121_122,44.0,/u/home/s/spaceman/project-voicesafe/spapl/vijay/speechbrain/cough_audio/icbi//noise/pointsource_noises/noise-free-sound-0121.wav,wav,
noise-free-sound-0122_123,8.0,/u/home/s/spaceman/project-voicesafe/spapl/vijay/speechbrain/cough_audio/icbi//noise/pointsource_noises/noise-free-sound-0122.wav,wav,
noise-free-sound-0123_124,7.5,/u/home/s/spaceman/project-voicesafe/spapl/vijay/speechbrain/cough_audio/icbi//noise/pointsource_noises/noise-free-sound-0123.wav,wav,
noise-free-sound-0124_125,5.0,/u/home/s/spaceman/project-voicesafe/spapl/vijay/speechbrain/cough_audio/icbi//noise/pointsource_noises/noise-free-sound-0124.wav,wav,
noise-free-sound-0125_126,1.125,/u/home/s/spaceman/project-voicesafe/spapl/vijay/speechbrain/cough_audio/icbi//noise/pointsource_noises/noise-free-sound-0125.wav,wav,
noise-free-sound-0126_127,19.7823125,/u/home/s/spaceman/project-voicesafe/spapl/vijay/speechbrain/cough_audio/icbi//noise/pointsource_noises/noise-free-sound-0126.wav,wav,
noise-free-sound-0127_128,2.448,/u/home/s/spaceman/project-voicesafe/spapl/vijay/speechbrain/cough_audio/icbi//noise/pointsource_noises/noise-free-sound-0127.wav,wav,
noise-free-sound-0128_129,4.056,/u/home/s/spaceman/project-voicesafe/spapl/vijay/speechbrain/cough_audio/icbi//noise/pointsource_noises/noise-free-sound-0128.wav,wav,
noise-free-sound-0129_130,8.2939375,/u/home/s/spaceman/project-voicesafe/spapl/vijay/speechbrain/cough_audio/icbi//noise/pointsource_noises/noise-free-sound-0129.wav,wav,
noise-free-sound-0130_131,38.8701875,/u/home/s/spaceman/project-voicesafe/spapl/vijay/speechbrain/cough_audio/icbi//noise/pointsource_noises/noise-free-sound-0130.wav,wav,
noise-free-sound-0131_132,55.597375,/u/home/s/spaceman/project-voicesafe/spapl/vijay/speechbrain/cough_audio/icbi//noise/pointsource_noises/noise-free-sound-0131.wav,wav,
noise-free-sound-0132_133,0.7158125,/u/home/s/spaceman/project-voicesafe/spapl/vijay/speechbrain/cough_audio/icbi//noise/pointsource_noises/noise-free-sound-0132.wav,wav,
noise-free-sound-0133_134,0.5209375,/u/home/s/spaceman/project-voicesafe/spapl/vijay/speechbrain/cough_audio/icbi//noise/pointsource_noises/noise-free-sound-0133.wav,wav,
noise-free-sound-0134_135,2.513375,/u/home/s/spaceman/project-voicesafe/spapl/vijay/speechbrain/cough_audio/icbi//noise/pointsource_noises/noise-free-sound-0134.wav,wav,
noise-free-sound-0135_136,3.0045625,/u/home/s/spaceman/project-voicesafe/spapl/vijay/speechbrain/cough_audio/icbi//noise/pointsource_noises/noise-free-sound-0135.wav,wav,
noise-free-sound-0136_137,0.625,/u/home/s/spaceman/project-voicesafe/spapl/vijay/speechbrain/cough_audio/icbi//noise/pointsource_noises/noise-free-sound-0136.wav,wav,
noise-free-sound-0137_138,113.25,/u/home/s/spaceman/project-voicesafe/spapl/vijay/speechbrain/cough_audio/icbi//noise/pointsource_noises/noise-free-sound-0137.wav,wav,
noise-free-sound-0138_139,3.25,/u/home/s/spaceman/project-voicesafe/spapl/vijay/speechbrain/cough_audio/icbi//noise/pointsource_noises/noise-free-sound-0138.wav,wav,
noise-free-sound-0139_140,15.5146875,/u/home/s/spaceman/project-voicesafe/spapl/vijay/speechbrain/cough_audio/icbi//noise/pointsource_noises/noise-free-sound-0139.wav,wav,
noise-free-sound-0140_141,24.77475,/u/home/s/spaceman/project-voicesafe/spapl/vijay/speechbrain/cough_audio/icbi//noise/pointsource_noises/noise-free-sound-0140.wav,wav,
noise-free-sound-0141_142,135.0720625,/u/home/s/spaceman/project-voicesafe/spapl/vijay/speechbrain/cough_audio/icbi//noise/pointsource_noises/noise-free-sound-0141.wav,wav,
noise-free-sound-0142_143,38.99975,/u/home/s/spaceman/project-voicesafe/spapl/vijay/speechbrain/cough_audio/icbi//noise/pointsource_noises/noise-free-sound-0142.wav,wav,
noise-free-sound-0143_144,13.0430625,/u/home/s/spaceman/project-voicesafe/spapl/vijay/speechbrain/cough_audio/icbi//noise/pointsource_noises/noise-free-sound-0143.wav,wav,
noise-free-sound-0144_145,25.54775,/u/home/s/spaceman/project-voicesafe/spapl/vijay/speechbrain/cough_audio/icbi//noise/pointsource_noises/noise-free-sound-0144.wav,wav,
noise-free-sound-0145_146,2.9121875,/u/home/s/spaceman/project-voicesafe/spapl/vijay/speechbrain/cough_audio/icbi//noise/pointsource_noises/noise-free-sound-0145.wav,wav,
noise-free-sound-0146_147,2.0775,/u/home/s/spaceman/project-voicesafe/spapl/vijay/speechbrain/cough_audio/icbi//noise/pointsource_noises/noise-free-sound-0146.wav,wav,
noise-free-sound-0147_148,8.6333125,/u/home/s/spaceman/project-voicesafe/spapl/vijay/speechbrain/cough_audio/icbi//noise/pointsource_noises/noise-free-sound-0147.wav,wav,
noise-free-sound-0148_149,2.214875,/u/home/s/spaceman/project-voicesafe/spapl/vijay/speechbrain/cough_audio/icbi//noise/pointsource_noises/noise-free-sound-0148.wav,wav,
noise-free-sound-0149_150,1.7618125,/u/home/s/spaceman/project-voicesafe/spapl/vijay/speechbrain/cough_audio/icbi//noise/pointsource_noises/noise-free-sound-0149.wav,wav,
noise-free-sound-0150_151,0.4504375,/u/home/s/spaceman/project-voicesafe/spapl/vijay/speechbrain/cough_audio/icbi//noise/pointsource_noises/noise-free-sound-0150.wav,wav,
noise-free-sound-0151_152,53.76,/u/home/s/spaceman/project-voicesafe/spapl/vijay/speechbrain/cough_audio/icbi//noise/pointsource_noises/noise-free-sound-0151.wav,wav,
noise-free-sound-0152_153,97.156,/u/home/s/spaceman/project-voicesafe/spapl/vijay/speechbrain/cough_audio/icbi//noise/pointsource_noises/noise-free-sound-0152.wav,wav,
noise-free-sound-0153_154,72.1493125,/u/home/s/spaceman/project-voicesafe/spapl/vijay/speechbrain/cough_audio/icbi//noise/pointsource_noises/noise-free-sound-0153.wav,wav,
noise-free-sound-0154_155,62.464,/u/home/s/spaceman/project-voicesafe/spapl/vijay/speechbrain/cough_audio/icbi//noise/pointsource_noises/noise-free-sound-0154.wav,wav,
noise-free-sound-0767_156,29.6385625,/u/home/s/spaceman/project-voicesafe/spapl/vijay/speechbrain/cough_audio/icbi//noise/pointsource_noises/noise-free-sound-0767.wav,wav,
noise-free-sound-0155_157,72.6613125,/u/home/s/spaceman/project-voicesafe/spapl/vijay/speechbrain/cough_audio/icbi//noise/pointsource_noises/noise-free-sound-0155.wav,wav,
noise-free-sound-0156_158,90.197375,/u/home/s/spaceman/project-voicesafe/spapl/vijay/speechbrain/cough_audio/icbi//noise/pointsource_noises/noise-free-sound-0156.wav,wav,
noise-free-sound-0157_159,3.0933125,/u/home/s/spaceman/project-voicesafe/spapl/vijay/speechbrain/cough_audio/icbi//noise/pointsource_noises/noise-free-sound-0157.wav,wav,
noise-free-sound-0158_160,64.884,/u/home/s/spaceman/project-voicesafe/spapl/vijay/speechbrain/cough_audio/icbi//noise/pointsource_noises/noise-free-sound-0158.wav,wav,
noise-free-sound-0159_161,5.216,/u/home/s/spaceman/project-voicesafe/spapl/vijay/speechbrain/cough_audio/icbi//noise/pointsource_noises/noise-free-sound-0159.wav,wav,
noise-free-sound-0160_162,34.325375,/u/home/s/spaceman/project-voicesafe/spapl/vijay/speechbrain/cough_audio/icbi//noise/pointsource_noises/noise-free-sound-0160.wav,wav,
noise-free-sound-0161_163,76.476,/u/home/s/spaceman/project-voicesafe/spapl/vijay/speechbrain/cough_audio/icbi//noise/pointsource_noises/noise-free-sound-0161.wav,wav,
noise-free-sound-0162_164,14.9333125,/u/home/s/spaceman/project-voicesafe/spapl/vijay/speechbrain/cough_audio/icbi//noise/pointsource_noises/noise-free-sound-0162.wav,wav,
noise-free-sound-0163_165,0.3626875,/u/home/s/spaceman/project-voicesafe/spapl/vijay/speechbrain/cough_audio/icbi//noise/pointsource_noises/noise-free-sound-0163.wav,wav,
noise-free-sound-0164_166,24.96,/u/home/s/spaceman/project-voicesafe/spapl/vijay/speechbrain/cough_audio/icbi//noise/pointsource_noises/noise-free-sound-0164.wav,wav,
noise-free-sound-0165_167,33.837375,/u/home/s/spaceman/project-voicesafe/spapl/vijay/speechbrain/cough_audio/icbi//noise/pointsource_noises/noise-free-sound-0165.wav,wav,
noise-free-sound-0166_168,0.768,/u/home/s/spaceman/project-voicesafe/spapl/vijay/speechbrain/cough_audio/icbi//noise/pointsource_noises/noise-free-sound-0166.wav,wav,
noise-free-sound-0167_169,2.005375,/u/home/s/spaceman/project-voicesafe/spapl/vijay/speechbrain/cough_audio/icbi//noise/pointsource_noises/noise-free-sound-0167.wav,wav,
noise-free-sound-0168_170,1.344,/u/home/s/spaceman/project-voicesafe/spapl/vijay/speechbrain/cough_audio/icbi//noise/pointsource_noises/noise-free-sound-0168.wav,wav,
noise-free-sound-0169_171,2.304,/u/home/s/spaceman/project-voicesafe/spapl/vijay/speechbrain/cough_audio/icbi//noise/pointsource_noises/noise-free-sound-0169.wav,wav,
noise-free-sound-0170_172,5.2906875,/u/home/s/spaceman/project-voicesafe/spapl/vijay/speechbrain/cough_audio/icbi//noise/pointsource_noises/noise-free-sound-0170.wav,wav,
noise-free-sound-0171_173,4.6293125,/u/home/s/spaceman/project-voicesafe/spapl/vijay/speechbrain/cough_audio/icbi//noise/pointsource_noises/noise-free-sound-0171.wav,wav,
noise-free-sound-0172_174,49.5543125,/u/home/s/spaceman/project-voicesafe/spapl/vijay/speechbrain/cough_audio/icbi//noise/pointsource_noises/noise-free-sound-0172.wav,wav,
noise-free-sound-0173_175,106.802,/u/home/s/spaceman/project-voicesafe/spapl/vijay/speechbrain/cough_audio/icbi//noise/pointsource_noises/noise-free-sound-0173.wav,wav,
noise-free-sound-0174_176,9.109125,/u/home/s/spaceman/project-voicesafe/spapl/vijay/speechbrain/cough_audio/icbi//noise/pointsource_noises/noise-free-sound-0174.wav,wav,
noise-free-sound-0175_177,4.7188125,/u/home/s/spaceman/project-voicesafe/spapl/vijay/speechbrain/cough_audio/icbi//noise/pointsource_noises/noise-free-sound-0175.wav,wav,
noise-free-sound-0176_178,2.9843125,/u/home/s/spaceman/project-voicesafe/spapl/vijay/speechbrain/cough_audio/icbi//noise/pointsource_noises/noise-free-sound-0176.wav,wav,
noise-free-sound-0177_179,106.737875,/u/home/s/spaceman/project-voicesafe/spapl/vijay/speechbrain/cough_audio/icbi//noise/pointsource_noises/noise-free-sound-0177.wav,wav,
noise-free-sound-0178_180,4.884625,/u/home/s/spaceman/project-voicesafe/spapl/vijay/speechbrain/cough_audio/icbi//noise/pointsource_noises/noise-free-sound-0178.wav,wav,
noise-free-sound-0179_181,2.813,/u/home/s/spaceman/project-voicesafe/spapl/vijay/speechbrain/cough_audio/icbi//noise/pointsource_noises/noise-free-sound-0179.wav,wav,
noise-free-sound-0180_182,15.5155,/u/home/s/spaceman/project-voicesafe/spapl/vijay/speechbrain/cough_audio/icbi//noise/pointsource_noises/noise-free-sound-0180.wav,wav,
noise-free-sound-0181_183,4.7964375,/u/home/s/spaceman/project-voicesafe/spapl/vijay/speechbrain/cough_audio/icbi//noise/pointsource_noises/noise-free-sound-0181.wav,wav,
noise-free-sound-0182_184,2.25225,/u/home/s/spaceman/project-voicesafe/spapl/vijay/speechbrain/cough_audio/icbi//noise/pointsource_noises/noise-free-sound-0182.wav,wav,
noise-free-sound-0183_185,8.0914375,/u/home/s/spaceman/project-voicesafe/spapl/vijay/speechbrain/cough_audio/icbi//noise/pointsource_noises/noise-free-sound-0183.wav,wav,
noise-free-sound-0184_186,32.407375,/u/home/s/spaceman/project-voicesafe/spapl/vijay/speechbrain/cough_audio/icbi//noise/pointsource_noises/noise-free-sound-0184.wav,wav,
noise-free-sound-0185_187,2.6693125,/u/home/s/spaceman/project-voicesafe/spapl/vijay/speechbrain/cough_audio/icbi//noise/pointsource_noises/noise-free-sound-0185.wav,wav,
noise-free-sound-0186_188,2.8361875,/u/home/s/spaceman/project-voicesafe/spapl/vijay/speechbrain/cough_audio/icbi//noise/pointsource_noises/noise-free-sound-0186.wav,wav,
noise-free-sound-0187_189,6.4230625,/u/home/s/spaceman/project-voicesafe/spapl/vijay/speechbrain/cough_audio/icbi//noise/pointsource_noises/noise-free-sound-0187.wav,wav,
noise-free-sound-0188_190,9.5511875,/u/home/s/spaceman/project-voicesafe/spapl/vijay/speechbrain/cough_audio/icbi//noise/pointsource_noises/noise-free-sound-0188.wav,wav,
noise-free-sound-0189_191,6.8401875,/u/home/s/spaceman/project-voicesafe/spapl/vijay/speechbrain/cough_audio/icbi//noise/pointsource_noises/noise-free-sound-0189.wav,wav,
noise-free-sound-0190_192,6.131125,/u/home/s/spaceman/project-voicesafe/spapl/vijay/speechbrain/cough_audio/icbi//noise/pointsource_noises/noise-free-sound-0190.wav,wav,
noise-free-sound-0191_193,3.9623125,/u/home/s/spaceman/project-voicesafe/spapl/vijay/speechbrain/cough_audio/icbi//noise/pointsource_noises/noise-free-sound-0191.wav,wav,
noise-free-sound-0192_194,6.6733125,/u/home/s/spaceman/project-voicesafe/spapl/vijay/speechbrain/cough_audio/icbi//noise/pointsource_noises/noise-free-sound-0192.wav,wav,
noise-free-sound-0193_195,4.004,/u/home/s/spaceman/project-voicesafe/spapl/vijay/speechbrain/cough_audio/icbi//noise/pointsource_noises/noise-free-sound-0193.wav,wav,
noise-free-sound-0194_196,7.882875,/u/home/s/spaceman/project-voicesafe/spapl/vijay/speechbrain/cough_audio/icbi//noise/pointsource_noises/noise-free-sound-0194.wav,wav,
noise-free-sound-0195_197,4.2959375,/u/home/s/spaceman/project-voicesafe/spapl/vijay/speechbrain/cough_audio/icbi//noise/pointsource_noises/noise-free-sound-0195.wav,wav,
noise-free-sound-0196_198,3.628625,/u/home/s/spaceman/project-voicesafe/spapl/vijay/speechbrain/cough_audio/icbi//noise/pointsource_noises/noise-free-sound-0196.wav,wav,
noise-free-sound-0197_199,10.5939375,/u/home/s/spaceman/project-voicesafe/spapl/vijay/speechbrain/cough_audio/icbi//noise/pointsource_noises/noise-free-sound-0197.wav,wav,
noise-free-sound-0198_200,9.134125,/u/home/s/spaceman/project-voicesafe/spapl/vijay/speechbrain/cough_audio/icbi//noise/pointsource_noises/noise-free-sound-0198.wav,wav,
noise-free-sound-0199_201,6.25625,/u/home/s/spaceman/project-voicesafe/spapl/vijay/speechbrain/cough_audio/icbi//noise/pointsource_noises/noise-free-sound-0199.wav,wav,
noise-free-sound-0200_202,8.75875,/u/home/s/spaceman/project-voicesafe/spapl/vijay/speechbrain/cough_audio/icbi//noise/pointsource_noises/noise-free-sound-0200.wav,wav,
noise-free-sound-0201_203,7.0486875,/u/home/s/spaceman/project-voicesafe/spapl/vijay/speechbrain/cough_audio/icbi//noise/pointsource_noises/noise-free-sound-0201.wav,wav,
noise-free-sound-0202_204,10.5521875,/u/home/s/spaceman/project-voicesafe/spapl/vijay/speechbrain/cough_audio/icbi//noise/pointsource_noises/noise-free-sound-0202.wav,wav,
noise-free-sound-0203_205,11.0944375,/u/home/s/spaceman/project-voicesafe/spapl/vijay/speechbrain/cough_audio/icbi//noise/pointsource_noises/noise-free-sound-0203.wav,wav,
noise-free-sound-0204_206,6.381375,/u/home/s/spaceman/project-voicesafe/spapl/vijay/speechbrain/cough_audio/icbi//noise/pointsource_noises/noise-free-sound-0204.wav,wav,
noise-free-sound-0205_207,14.389375,/u/home/s/spaceman/project-voicesafe/spapl/vijay/speechbrain/cough_audio/icbi//noise/pointsource_noises/noise-free-sound-0205.wav,wav,
noise-free-sound-0206_208,2.3356875,/u/home/s/spaceman/project-voicesafe/spapl/vijay/speechbrain/cough_audio/icbi//noise/pointsource_noises/noise-free-sound-0206.wav,wav,
noise-free-sound-0207_209,7.0904375,/u/home/s/spaceman/project-voicesafe/spapl/vijay/speechbrain/cough_audio/icbi//noise/pointsource_noises/noise-free-sound-0207.wav,wav,
noise-free-sound-0208_210,6.4648125,/u/home/s/spaceman/project-voicesafe/spapl/vijay/speechbrain/cough_audio/icbi//noise/pointsource_noises/noise-free-sound-0208.wav,wav,
noise-free-sound-0209_211,9.6763125,/u/home/s/spaceman/project-voicesafe/spapl/vijay/speechbrain/cough_audio/icbi//noise/pointsource_noises/noise-free-sound-0209.wav,wav,
noise-free-sound-0210_212,5.6723125,/u/home/s/spaceman/project-voicesafe/spapl/vijay/speechbrain/cough_audio/icbi//noise/pointsource_noises/noise-free-sound-0210.wav,wav,
noise-free-sound-0211_213,6.2145625,/u/home/s/spaceman/project-voicesafe/spapl/vijay/speechbrain/cough_audio/icbi//noise/pointsource_noises/noise-free-sound-0211.wav,wav,
noise-free-sound-0212_214,9.5511875,/u/home/s/spaceman/project-voicesafe/spapl/vijay/speechbrain/cough_audio/icbi//noise/pointsource_noises/noise-free-sound-0212.wav,wav,
noise-free-sound-0213_215,5.7140625,/u/home/s/spaceman/project-voicesafe/spapl/vijay/speechbrain/cough_audio/icbi//noise/pointsource_noises/noise-free-sound-0213.wav,wav,
noise-free-sound-0214_216,8.25825,/u/home/s/spaceman/project-voicesafe/spapl/vijay/speechbrain/cough_audio/icbi//noise/pointsource_noises/noise-free-sound-0214.wav,wav,
noise-free-sound-0215_217,6.4375,/u/home/s/spaceman/project-voicesafe/spapl/vijay/speechbrain/cough_audio/icbi//noise/pointsource_noises/noise-free-sound-0215.wav,wav,
noise-free-sound-0216_218,38.4588125,/u/home/s/spaceman/project-voicesafe/spapl/vijay/speechbrain/cough_audio/icbi//noise/pointsource_noises/noise-free-sound-0216.wav,wav,
noise-free-sound-0217_219,4.8381875,/u/home/s/spaceman/project-voicesafe/spapl/vijay/speechbrain/cough_audio/icbi//noise/pointsource_noises/noise-free-sound-0217.wav,wav,
noise-free-sound-0218_220,6.131125,/u/home/s/spaceman/project-voicesafe/spapl/vijay/speechbrain/cough_audio/icbi//noise/pointsource_noises/noise-free-sound-0218.wav,wav,
noise-free-sound-0219_221,6.5899375,/u/home/s/spaceman/project-voicesafe/spapl/vijay/speechbrain/cough_audio/icbi//noise/pointsource_noises/noise-free-sound-0219.wav,wav,
noise-free-sound-0220_222,8.4668125,/u/home/s/spaceman/project-voicesafe/spapl/vijay/speechbrain/cough_audio/icbi//noise/pointsource_noises/noise-free-sound-0220.wav,wav,
noise-free-sound-0221_223,10.9275625,/u/home/s/spaceman/project-voicesafe/spapl/vijay/speechbrain/cough_audio/icbi//noise/pointsource_noises/noise-free-sound-0221.wav,wav,
noise-free-sound-0222_224,1.2095625,/u/home/s/spaceman/project-voicesafe/spapl/vijay/speechbrain/cough_audio/icbi//noise/pointsource_noises/noise-free-sound-0222.wav,wav,
noise-free-sound-0223_225,3.5869375,/u/home/s/spaceman/project-voicesafe/spapl/vijay/speechbrain/cough_audio/icbi//noise/pointsource_noises/noise-free-sound-0223.wav,wav,
noise-free-sound-0224_226,12.8044375,/u/home/s/spaceman/project-voicesafe/spapl/vijay/speechbrain/cough_audio/icbi//noise/pointsource_noises/noise-free-sound-0224.wav,wav,
noise-free-sound-0225_227,12.452,/u/home/s/spaceman/project-voicesafe/spapl/vijay/speechbrain/cough_audio/icbi//noise/pointsource_noises/noise-free-sound-0225.wav,wav,
noise-free-sound-0226_228,26.1973125,/u/home/s/spaceman/project-voicesafe/spapl/vijay/speechbrain/cough_audio/icbi//noise/pointsource_noises/noise-free-sound-0226.wav,wav,
noise-free-sound-0227_229,31.1654375,/u/home/s/spaceman/project-voicesafe/spapl/vijay/speechbrain/cough_audio/icbi//noise/pointsource_noises/noise-free-sound-0227.wav,wav,
noise-free-sound-0228_230,16.6486875,/u/home/s/spaceman/project-voicesafe/spapl/vijay/speechbrain/cough_audio/icbi//noise/pointsource_noises/noise-free-sound-0228.wav,wav,
noise-free-sound-0229_231,5.3339375,/u/home/s/spaceman/project-voicesafe/spapl/vijay/speechbrain/cough_audio/icbi//noise/pointsource_noises/noise-free-sound-0229.wav,wav,
noise-free-sound-0230_232,41.592,/u/home/s/spaceman/project-voicesafe/spapl/vijay/speechbrain/cough_audio/icbi//noise/pointsource_noises/noise-free-sound-0230.wav,wav,
noise-free-sound-0231_233,22.33075,/u/home/s/spaceman/project-voicesafe/spapl/vijay/speechbrain/cough_audio/icbi//noise/pointsource_noises/noise-free-sound-0231.wav,wav,
noise-free-sound-0232_234,44.2890625,/u/home/s/spaceman/project-voicesafe/spapl/vijay/speechbrain/cough_audio/icbi//noise/pointsource_noises/noise-free-sound-0232.wav,wav,
noise-free-sound-0233_235,44.3495,/u/home/s/spaceman/project-voicesafe/spapl/vijay/speechbrain/cough_audio/icbi//noise/pointsource_noises/noise-free-sound-0233.wav,wav,
noise-free-sound-0234_236,75.0171875,/u/home/s/spaceman/project-voicesafe/spapl/vijay/speechbrain/cough_audio/icbi//noise/pointsource_noises/noise-free-sound-0234.wav,wav,
noise-free-sound-0235_237,200.7829375,/u/home/s/spaceman/project-voicesafe/spapl/vijay/speechbrain/cough_audio/icbi//noise/pointsource_noises/noise-free-sound-0235.wav,wav,
noise-free-sound-0236_238,5.5640625,/u/home/s/spaceman/project-voicesafe/spapl/vijay/speechbrain/cough_audio/icbi//noise/pointsource_noises/noise-free-sound-0236.wav,wav,
noise-free-sound-0237_239,5.302875,/u/home/s/spaceman/project-voicesafe/spapl/vijay/speechbrain/cough_audio/icbi//noise/pointsource_noises/noise-free-sound-0237.wav,wav,
noise-free-sound-0238_240,13.944,/u/home/s/spaceman/project-voicesafe/spapl/vijay/speechbrain/cough_audio/icbi//noise/pointsource_noises/noise-free-sound-0238.wav,wav,
noise-free-sound-0239_241,37.50525,/u/home/s/spaceman/project-voicesafe/spapl/vijay/speechbrain/cough_audio/icbi//noise/pointsource_noises/noise-free-sound-0239.wav,wav,
noise-free-sound-0240_242,26.2261875,/u/home/s/spaceman/project-voicesafe/spapl/vijay/speechbrain/cough_audio/icbi//noise/pointsource_noises/noise-free-sound-0240.wav,wav,
noise-free-sound-0241_243,52.6185,/u/home/s/spaceman/project-voicesafe/spapl/vijay/speechbrain/cough_audio/icbi//noise/pointsource_noises/noise-free-sound-0241.wav,wav,
noise-free-sound-0242_244,23.0038125,/u/home/s/spaceman/project-voicesafe/spapl/vijay/speechbrain/cough_audio/icbi//noise/pointsource_noises/noise-free-sound-0242.wav,wav,
noise-free-sound-0243_245,90.0005625,/u/home/s/spaceman/project-voicesafe/spapl/vijay/speechbrain/cough_audio/icbi//noise/pointsource_noises/noise-free-sound-0243.wav,wav,
noise-free-sound-0244_246,118.8401875,/u/home/s/spaceman/project-voicesafe/spapl/vijay/speechbrain/cough_audio/icbi//noise/pointsource_noises/noise-free-sound-0244.wav,wav,
noise-free-sound-0245_247,29.562875,/u/home/s/spaceman/project-voicesafe/spapl/vijay/speechbrain/cough_audio/icbi//noise/pointsource_noises/noise-free-sound-0245.wav,wav,
noise-free-sound-0246_248,24.7246875,/u/home/s/spaceman/project-voicesafe/spapl/vijay/speechbrain/cough_audio/icbi//noise/pointsource_noises/noise-free-sound-0246.wav,wav,
noise-free-sound-0247_249,77.7345625,/u/home/s/spaceman/project-voicesafe/spapl/vijay/speechbrain/cough_audio/icbi//noise/pointsource_noises/noise-free-sound-0247.wav,wav,
noise-free-sound-0248_250,60.30275,/u/home/s/spaceman/project-voicesafe/spapl/vijay/speechbrain/cough_audio/icbi//noise/pointsource_noises/noise-free-sound-0248.wav,wav,
noise-free-sound-0249_251,40.684625,/u/home/s/spaceman/project-voicesafe/spapl/vijay/speechbrain/cough_audio/icbi//noise/pointsource_noises/noise-free-sound-0249.wav,wav,
noise-free-sound-0250_252,8.6204375,/u/home/s/spaceman/project-voicesafe/spapl/vijay/speechbrain/cough_audio/icbi//noise/pointsource_noises/noise-free-sound-0250.wav,wav,
noise-free-sound-0251_253,31.973875,/u/home/s/spaceman/project-voicesafe/spapl/vijay/speechbrain/cough_audio/icbi//noise/pointsource_noises/noise-free-sound-0251.wav,wav,
noise-free-sound-0252_254,20.9501875,/u/home/s/spaceman/project-voicesafe/spapl/vijay/speechbrain/cough_audio/icbi//noise/pointsource_noises/noise-free-sound-0252.wav,wav,
noise-free-sound-0253_255,0.9750625,/u/home/s/spaceman/project-voicesafe/spapl/vijay/speechbrain/cough_audio/icbi//noise/pointsource_noises/noise-free-sound-0253.wav,wav,
noise-free-sound-0254_256,64.142125,/u/home/s/spaceman/project-voicesafe/spapl/vijay/speechbrain/cough_audio/icbi//noise/pointsource_noises/noise-free-sound-0254.wav,wav,
noise-free-sound-0255_257,5.5375,/u/home/s/spaceman/project-voicesafe/spapl/vijay/speechbrain/cough_audio/icbi//noise/pointsource_noises/noise-free-sound-0255.wav,wav,
noise-free-sound-0256_258,37.5069375,/u/home/s/spaceman/project-voicesafe/spapl/vijay/speechbrain/cough_audio/icbi//noise/pointsource_noises/noise-free-sound-0256.wav,wav,
noise-free-sound-0257_259,5.0,/u/home/s/spaceman/project-voicesafe/spapl/vijay/speechbrain/cough_audio/icbi//noise/pointsource_noises/noise-free-sound-0257.wav,wav,
noise-free-sound-0258_260,25.7580625,/u/home/s/spaceman/project-voicesafe/spapl/vijay/speechbrain/cough_audio/icbi//noise/pointsource_noises/noise-free-sound-0258.wav,wav,
noise-free-sound-0259_261,14.7069375,/u/home/s/spaceman/project-voicesafe/spapl/vijay/speechbrain/cough_audio/icbi//noise/pointsource_noises/noise-free-sound-0259.wav,wav,
noise-free-sound-0260_262,14.4,/u/home/s/spaceman/project-voicesafe/spapl/vijay/speechbrain/cough_audio/icbi//noise/pointsource_noises/noise-free-sound-0260.wav,wav,
noise-free-sound-0261_263,88.0,/u/home/s/spaceman/project-voicesafe/spapl/vijay/speechbrain/cough_audio/icbi//noise/pointsource_noises/noise-free-sound-0261.wav,wav,
noise-free-sound-0262_264,35.0301875,/u/home/s/spaceman/project-voicesafe/spapl/vijay/speechbrain/cough_audio/icbi//noise/pointsource_noises/noise-free-sound-0262.wav,wav,
noise-free-sound-0263_265,0.9043125,/u/home/s/spaceman/project-voicesafe/spapl/vijay/speechbrain/cough_audio/icbi//noise/pointsource_noises/noise-free-sound-0263.wav,wav,
noise-free-sound-0264_266,29.631375,/u/home/s/spaceman/project-voicesafe/spapl/vijay/speechbrain/cough_audio/icbi//noise/pointsource_noises/noise-free-sound-0264.wav,wav,
noise-free-sound-0265_267,1.3325625,/u/home/s/spaceman/project-voicesafe/spapl/vijay/speechbrain/cough_audio/icbi//noise/pointsource_noises/noise-free-sound-0265.wav,wav,
noise-free-sound-0266_268,34.674625,/u/home/s/spaceman/project-voicesafe/spapl/vijay/speechbrain/cough_audio/icbi//noise/pointsource_noises/noise-free-sound-0266.wav,wav,
noise-free-sound-0267_269,36.1389375,/u/home/s/spaceman/project-voicesafe/spapl/vijay/speechbrain/cough_audio/icbi//noise/pointsource_noises/noise-free-sound-0267.wav,wav,
noise-free-sound-0268_270,22.710875,/u/home/s/spaceman/project-voicesafe/spapl/vijay/speechbrain/cough_audio/icbi//noise/pointsource_noises/noise-free-sound-0268.wav,wav,
noise-free-sound-0269_271,49.125125,/u/home/s/spaceman/project-voicesafe/spapl/vijay/speechbrain/cough_audio/icbi//noise/pointsource_noises/noise-free-sound-0269.wav,wav,
noise-free-sound-0270_272,398.0610625,/u/home/s/spaceman/project-voicesafe/spapl/vijay/speechbrain/cough_audio/icbi//noise/pointsource_noises/noise-free-sound-0270.wav,wav,
noise-free-sound-0271_273,29.6983125,/u/home/s/spaceman/project-voicesafe/spapl/vijay/speechbrain/cough_audio/icbi//noise/pointsource_noises/noise-free-sound-0271.wav,wav,
noise-free-sound-0272_274,41.058125,/u/home/s/spaceman/project-voicesafe/spapl/vijay/speechbrain/cough_audio/icbi//noise/pointsource_noises/noise-free-sound-0272.wav,wav,
noise-free-sound-0273_275,10.6433125,/u/home/s/spaceman/project-voicesafe/spapl/vijay/speechbrain/cough_audio/icbi//noise/pointsource_noises/noise-free-sound-0273.wav,wav,
noise-free-sound-0274_276,3.96775,/u/home/s/spaceman/project-voicesafe/spapl/vijay/speechbrain/cough_audio/icbi//noise/pointsource_noises/noise-free-sound-0274.wav,wav,
noise-free-sound-0275_277,12.096,/u/home/s/spaceman/project-voicesafe/spapl/vijay/speechbrain/cough_audio/icbi//noise/pointsource_noises/noise-free-sound-0275.wav,wav,
noise-free-sound-0276_278,2.8715,/u/home/s/spaceman/project-voicesafe/spapl/vijay/speechbrain/cough_audio/icbi//noise/pointsource_noises/noise-free-sound-0276.wav,wav,
noise-free-sound-0277_279,5.705125,/u/home/s/spaceman/project-voicesafe/spapl/vijay/speechbrain/cough_audio/icbi//noise/pointsource_noises/noise-free-sound-0277.wav,wav,
noise-free-sound-0278_280,37.59825,/u/home/s/spaceman/project-voicesafe/spapl/vijay/speechbrain/cough_audio/icbi//noise/pointsource_noises/noise-free-sound-0278.wav,wav,
noise-free-sound-0279_281,17.3333125,/u/home/s/spaceman/project-voicesafe/spapl/vijay/speechbrain/cough_audio/icbi//noise/pointsource_noises/noise-free-sound-0279.wav,wav,
noise-free-sound-0280_282,62.10325,/u/home/s/spaceman/project-voicesafe/spapl/vijay/speechbrain/cough_audio/icbi//noise/pointsource_noises/noise-free-sound-0280.wav,wav,
noise-free-sound-0281_283,0.1,/u/home/s/spaceman/project-voicesafe/spapl/vijay/speechbrain/cough_audio/icbi//noise/pointsource_noises/noise-free-sound-0281.wav,wav,
noise-free-sound-0282_284,37.72675,/u/home/s/spaceman/project-voicesafe/spapl/vijay/speechbrain/cough_audio/icbi//noise/pointsource_noises/noise-free-sound-0282.wav,wav,
noise-free-sound-0283_285,22.9636875,/u/home/s/spaceman/project-voicesafe/spapl/vijay/speechbrain/cough_audio/icbi//noise/pointsource_noises/noise-free-sound-0283.wav,wav,
noise-free-sound-0284_286,2.786,/u/home/s/spaceman/project-voicesafe/spapl/vijay/speechbrain/cough_audio/icbi//noise/pointsource_noises/noise-free-sound-0284.wav,wav,
noise-free-sound-0285_287,4.0925,/u/home/s/spaceman/project-voicesafe/spapl/vijay/speechbrain/cough_audio/icbi//noise/pointsource_noises/noise-free-sound-0285.wav,wav,
noise-free-sound-0286_288,9.5603125,/u/home/s/spaceman/project-voicesafe/spapl/vijay/speechbrain/cough_audio/icbi//noise/pointsource_noises/noise-free-sound-0286.wav,wav,
noise-free-sound-0287_289,60.6563125,/u/home/s/spaceman/project-voicesafe/spapl/vijay/speechbrain/cough_audio/icbi//noise/pointsource_noises/noise-free-sound-0287.wav,wav,
noise-free-sound-0288_290,59.688,/u/home/s/spaceman/project-voicesafe/spapl/vijay/speechbrain/cough_audio/icbi//noise/pointsource_noises/noise-free-sound-0288.wav,wav,
noise-free-sound-0289_291,22.2821875,/u/home/s/spaceman/project-voicesafe/spapl/vijay/speechbrain/cough_audio/icbi//noise/pointsource_noises/noise-free-sound-0289.wav,wav,
noise-free-sound-0290_292,44.304,/u/home/s/spaceman/project-voicesafe/spapl/vijay/speechbrain/cough_audio/icbi//noise/pointsource_noises/noise-free-sound-0290.wav,wav,
noise-free-sound-0291_293,9.090625,/u/home/s/spaceman/project-voicesafe/spapl/vijay/speechbrain/cough_audio/icbi//noise/pointsource_noises/noise-free-sound-0291.wav,wav,
noise-free-sound-0292_294,17.97225,/u/home/s/spaceman/project-voicesafe/spapl/vijay/speechbrain/cough_audio/icbi//noise/pointsource_noises/noise-free-sound-0292.wav,wav,
noise-free-sound-0293_295,43.0381875,/u/home/s/spaceman/project-voicesafe/spapl/vijay/speechbrain/cough_audio/icbi//noise/pointsource_noises/noise-free-sound-0293.wav,wav,
noise-free-sound-0294_296,6.5875,/u/home/s/spaceman/project-voicesafe/spapl/vijay/speechbrain/cough_audio/icbi//noise/pointsource_noises/noise-free-sound-0294.wav,wav,
noise-free-sound-0295_297,6.8963125,/u/home/s/spaceman/project-voicesafe/spapl/vijay/speechbrain/cough_audio/icbi//noise/pointsource_noises/noise-free-sound-0295.wav,wav,
noise-free-sound-0296_298,1.8616875,/u/home/s/spaceman/project-voicesafe/spapl/vijay/speechbrain/cough_audio/icbi//noise/pointsource_noises/noise-free-sound-0296.wav,wav,
noise-free-sound-0297_299,1.799,/u/home/s/spaceman/project-voicesafe/spapl/vijay/speechbrain/cough_audio/icbi//noise/pointsource_noises/noise-free-sound-0297.wav,wav,
noise-free-sound-0298_300,32.0,/u/home/s/spaceman/project-voicesafe/spapl/vijay/speechbrain/cough_audio/icbi//noise/pointsource_noises/noise-free-sound-0298.wav,wav,
noise-free-sound-0299_301,0.212625,/u/home/s/spaceman/project-voicesafe/spapl/vijay/speechbrain/cough_audio/icbi//noise/pointsource_noises/noise-free-sound-0299.wav,wav,
noise-free-sound-0300_302,6.112625,/u/home/s/spaceman/project-voicesafe/spapl/vijay/speechbrain/cough_audio/icbi//noise/pointsource_noises/noise-free-sound-0300.wav,wav,
noise-free-sound-0301_303,180.9495625,/u/home/s/spaceman/project-voicesafe/spapl/vijay/speechbrain/cough_audio/icbi//noise/pointsource_noises/noise-free-sound-0301.wav,wav,
noise-free-sound-0302_304,17.914125,/u/home/s/spaceman/project-voicesafe/spapl/vijay/speechbrain/cough_audio/icbi//noise/pointsource_noises/noise-free-sound-0302.wav,wav,
noise-free-sound-0303_305,8.1955,/u/home/s/spaceman/project-voicesafe/spapl/vijay/speechbrain/cough_audio/icbi//noise/pointsource_noises/noise-free-sound-0303.wav,wav,
noise-free-sound-0304_306,62.0408125,/u/home/s/spaceman/project-voicesafe/spapl/vijay/speechbrain/cough_audio/icbi//noise/pointsource_noises/noise-free-sound-0304.wav,wav,
noise-free-sound-0305_307,29.5,/u/home/s/spaceman/project-voicesafe/spapl/vijay/speechbrain/cough_audio/icbi//noise/pointsource_noises/noise-free-sound-0305.wav,wav,
noise-free-sound-0306_308,24.5,/u/home/s/spaceman/project-voicesafe/spapl/vijay/speechbrain/cough_audio/icbi//noise/pointsource_noises/noise-free-sound-0306.wav,wav,
noise-free-sound-0307_309,10.704,/u/home/s/spaceman/project-voicesafe/spapl/vijay/speechbrain/cough_audio/icbi//noise/pointsource_noises/noise-free-sound-0307.wav,wav,
noise-free-sound-0308_310,58.28175,/u/home/s/spaceman/project-voicesafe/spapl/vijay/speechbrain/cough_audio/icbi//noise/pointsource_noises/noise-free-sound-0308.wav,wav,
noise-free-sound-0309_311,3.3729375,/u/home/s/spaceman/project-voicesafe/spapl/vijay/speechbrain/cough_audio/icbi//noise/pointsource_noises/noise-free-sound-0309.wav,wav,
noise-free-sound-0310_312,22.03575,/u/home/s/spaceman/project-voicesafe/spapl/vijay/speechbrain/cough_audio/icbi//noise/pointsource_noises/noise-free-sound-0310.wav,wav,
noise-free-sound-0311_313,13.746375,/u/home/s/spaceman/project-voicesafe/spapl/vijay/speechbrain/cough_audio/icbi//noise/pointsource_noises/noise-free-sound-0311.wav,wav,
noise-free-sound-0312_314,1.513,/u/home/s/spaceman/project-voicesafe/spapl/vijay/speechbrain/cough_audio/icbi//noise/pointsource_noises/noise-free-sound-0312.wav,wav,
noise-free-sound-0313_315,2.7875,/u/home/s/spaceman/project-voicesafe/spapl/vijay/speechbrain/cough_audio/icbi//noise/pointsource_noises/noise-free-sound-0313.wav,wav,
noise-free-sound-0314_316,0.6109375,/u/home/s/spaceman/project-voicesafe/spapl/vijay/speechbrain/cough_audio/icbi//noise/pointsource_noises/noise-free-sound-0314.wav,wav,
noise-free-sound-0315_317,2.7838125,/u/home/s/spaceman/project-voicesafe/spapl/vijay/speechbrain/cough_audio/icbi//noise/pointsource_noises/noise-free-sound-0315.wav,wav,
noise-free-sound-0316_318,11.1455625,/u/home/s/spaceman/project-voicesafe/spapl/vijay/speechbrain/cough_audio/icbi//noise/pointsource_noises/noise-free-sound-0316.wav,wav,
noise-free-sound-0317_319,7.256875,/u/home/s/spaceman/project-voicesafe/spapl/vijay/speechbrain/cough_audio/icbi//noise/pointsource_noises/noise-free-sound-0317.wav,wav,
noise-free-sound-0318_320,0.40925,/u/home/s/spaceman/project-voicesafe/spapl/vijay/speechbrain/cough_audio/icbi//noise/pointsource_noises/noise-free-sound-0318.wav,wav,
noise-free-sound-0319_321,1.515125,/u/home/s/spaceman/project-voicesafe/spapl/vijay/speechbrain/cough_audio/icbi//noise/pointsource_noises/noise-free-sound-0319.wav,wav,
noise-free-sound-0320_322,6.7395625,/u/home/s/spaceman/project-voicesafe/spapl/vijay/speechbrain/cough_audio/icbi//noise/pointsource_noises/noise-free-sound-0320.wav,wav,
noise-free-sound-0321_323,113.0,/u/home/s/spaceman/project-voicesafe/spapl/vijay/speechbrain/cough_audio/icbi//noise/pointsource_noises/noise-free-sound-0321.wav,wav,
noise-free-sound-0322_324,31.0335,/u/home/s/spaceman/project-voicesafe/spapl/vijay/speechbrain/cough_audio/icbi//noise/pointsource_noises/noise-free-sound-0322.wav,wav,
noise-free-sound-0323_325,10.73175,/u/home/s/spaceman/project-voicesafe/spapl/vijay/speechbrain/cough_audio/icbi//noise/pointsource_noises/noise-free-sound-0323.wav,wav,
noise-free-sound-0324_326,36.2056875,/u/home/s/spaceman/project-voicesafe/spapl/vijay/speechbrain/cough_audio/icbi//noise/pointsource_noises/noise-free-sound-0324.wav,wav,
noise-free-sound-0325_327,1.6456875,/u/home/s/spaceman/project-voicesafe/spapl/vijay/speechbrain/cough_audio/icbi//noise/pointsource_noises/noise-free-sound-0325.wav,wav,
noise-free-sound-0326_328,16.0775,/u/home/s/spaceman/project-voicesafe/spapl/vijay/speechbrain/cough_audio/icbi//noise/pointsource_noises/noise-free-sound-0326.wav,wav,
noise-free-sound-0327_329,5.1596875,/u/home/s/spaceman/project-voicesafe/spapl/vijay/speechbrain/cough_audio/icbi//noise/pointsource_noises/noise-free-sound-0327.wav,wav,
noise-free-sound-0328_330,0.7181875,/u/home/s/spaceman/project-voicesafe/spapl/vijay/speechbrain/cough_audio/icbi//noise/pointsource_noises/noise-free-sound-0328.wav,wav,
noise-free-sound-0329_331,9.69225,/u/home/s/spaceman/project-voicesafe/spapl/vijay/speechbrain/cough_audio/icbi//noise/pointsource_noises/noise-free-sound-0329.wav,wav,
noise-free-sound-0330_332,8.4288125,/u/home/s/spaceman/project-voicesafe/spapl/vijay/speechbrain/cough_audio/icbi//noise/pointsource_noises/noise-free-sound-0330.wav,wav,
noise-free-sound-0331_333,6.375,/u/home/s/spaceman/project-voicesafe/spapl/vijay/speechbrain/cough_audio/icbi//noise/pointsource_noises/noise-free-sound-0331.wav,wav,
noise-free-sound-0332_334,3.625,/u/home/s/spaceman/project-voicesafe/spapl/vijay/speechbrain/cough_audio/icbi//noise/pointsource_noises/noise-free-sound-0332.wav,wav,
noise-free-sound-0333_335,15.6735,/u/home/s/spaceman/project-voicesafe/spapl/vijay/speechbrain/cough_audio/icbi//noise/pointsource_noises/noise-free-sound-0333.wav,wav,
noise-free-sound-0334_336,178.1493125,/u/home/s/spaceman/project-voicesafe/spapl/vijay/speechbrain/cough_audio/icbi//noise/pointsource_noises/noise-free-sound-0334.wav,wav,
noise-free-sound-0335_337,34.0375625,/u/home/s/spaceman/project-voicesafe/spapl/vijay/speechbrain/cough_audio/icbi//noise/pointsource_noises/noise-free-sound-0335.wav,wav,
noise-free-sound-0336_338,48.08275,/u/home/s/spaceman/project-voicesafe/spapl/vijay/speechbrain/cough_audio/icbi//noise/pointsource_noises/noise-free-sound-0336.wav,wav,
noise-free-sound-0337_339,1.4255,/u/home/s/spaceman/project-voicesafe/spapl/vijay/speechbrain/cough_audio/icbi//noise/pointsource_noises/noise-free-sound-0337.wav,wav,
noise-free-sound-0338_340,9.24,/u/home/s/spaceman/project-voicesafe/spapl/vijay/speechbrain/cough_audio/icbi//noise/pointsource_noises/noise-free-sound-0338.wav,wav,
noise-free-sound-0339_341,20.328,/u/home/s/spaceman/project-voicesafe/spapl/vijay/speechbrain/cough_audio/icbi//noise/pointsource_noises/noise-free-sound-0339.wav,wav,
noise-free-sound-0340_342,33.672,/u/home/s/spaceman/project-voicesafe/spapl/vijay/speechbrain/cough_audio/icbi//noise/pointsource_noises/noise-free-sound-0340.wav,wav,
noise-free-sound-0341_343,23.071875,/u/home/s/spaceman/project-voicesafe/spapl/vijay/speechbrain/cough_audio/icbi//noise/pointsource_noises/noise-free-sound-0341.wav,wav,
noise-free-sound-0342_344,13.806,/u/home/s/spaceman/project-voicesafe/spapl/vijay/speechbrain/cough_audio/icbi//noise/pointsource_noises/noise-free-sound-0342.wav,wav,
noise-free-sound-0343_345,2.809625,/u/home/s/spaceman/project-voicesafe/spapl/vijay/speechbrain/cough_audio/icbi//noise/pointsource_noises/noise-free-sound-0343.wav,wav,
noise-free-sound-0344_346,20.544,/u/home/s/spaceman/project-voicesafe/spapl/vijay/speechbrain/cough_audio/icbi//noise/pointsource_noises/noise-free-sound-0344.wav,wav,
noise-free-sound-0345_347,5.9024375,/u/home/s/spaceman/project-voicesafe/spapl/vijay/speechbrain/cough_audio/icbi//noise/pointsource_noises/noise-free-sound-0345.wav,wav,
noise-free-sound-0346_348,18.5469375,/u/home/s/spaceman/project-voicesafe/spapl/vijay/speechbrain/cough_audio/icbi//noise/pointsource_noises/noise-free-sound-0346.wav,wav,
noise-free-sound-0347_349,13.7801875,/u/home/s/spaceman/project-voicesafe/spapl/vijay/speechbrain/cough_audio/icbi//noise/pointsource_noises/noise-free-sound-0347.wav,wav,
noise-free-sound-0348_350,50.1140625,/u/home/s/spaceman/project-voicesafe/spapl/vijay/speechbrain/cough_audio/icbi//noise/pointsource_noises/noise-free-sound-0348.wav,wav,
noise-free-sound-0349_351,1.0,/u/home/s/spaceman/project-voicesafe/spapl/vijay/speechbrain/cough_audio/icbi//noise/pointsource_noises/noise-free-sound-0349.wav,wav,
noise-free-sound-0350_352,9.0,/u/home/s/spaceman/project-voicesafe/spapl/vijay/speechbrain/cough_audio/icbi//noise/pointsource_noises/noise-free-sound-0350.wav,wav,
noise-free-sound-0351_353,4.968,/u/home/s/spaceman/project-voicesafe/spapl/vijay/speechbrain/cough_audio/icbi//noise/pointsource_noises/noise-free-sound-0351.wav,wav,
noise-free-sound-0352_354,10.0,/u/home/s/spaceman/project-voicesafe/spapl/vijay/speechbrain/cough_audio/icbi//noise/pointsource_noises/noise-free-sound-0352.wav,wav,
noise-free-sound-0353_355,26.0963125,/u/home/s/spaceman/project-voicesafe/spapl/vijay/speechbrain/cough_audio/icbi//noise/pointsource_noises/noise-free-sound-0353.wav,wav,
noise-free-sound-0354_356,0.9999375,/u/home/s/spaceman/project-voicesafe/spapl/vijay/speechbrain/cough_audio/icbi//noise/pointsource_noises/noise-free-sound-0354.wav,wav,
noise-free-sound-0355_357,14.664,/u/home/s/spaceman/project-voicesafe/spapl/vijay/speechbrain/cough_audio/icbi//noise/pointsource_noises/noise-free-sound-0355.wav,wav,
noise-free-sound-0356_358,24.96,/u/home/s/spaceman/project-voicesafe/spapl/vijay/speechbrain/cough_audio/icbi//noise/pointsource_noises/noise-free-sound-0356.wav,wav,
noise-free-sound-0357_359,8.1763125,/u/home/s/spaceman/project-voicesafe/spapl/vijay/speechbrain/cough_audio/icbi//noise/pointsource_noises/noise-free-sound-0357.wav,wav,
noise-free-sound-0358_360,21.24625,/u/home/s/spaceman/project-voicesafe/spapl/vijay/speechbrain/cough_audio/icbi//noise/pointsource_noises/noise-free-sound-0358.wav,wav,
noise-free-sound-0359_361,18.3078125,/u/home/s/spaceman/project-voicesafe/spapl/vijay/speechbrain/cough_audio/icbi//noise/pointsource_noises/noise-free-sound-0359.wav,wav,
noise-free-sound-0360_362,13.89375,/u/home/s/spaceman/project-voicesafe/spapl/vijay/speechbrain/cough_audio/icbi//noise/pointsource_noises/noise-free-sound-0360.wav,wav,
noise-free-sound-0361_363,7.7390625,/u/home/s/spaceman/project-voicesafe/spapl/vijay/speechbrain/cough_audio/icbi//noise/pointsource_noises/noise-free-sound-0361.wav,wav,
noise-free-sound-0362_364,12.875,/u/home/s/spaceman/project-voicesafe/spapl/vijay/speechbrain/cough_audio/icbi//noise/pointsource_noises/noise-free-sound-0362.wav,wav,
noise-free-sound-0363_365,4.721875,/u/home/s/spaceman/project-voicesafe/spapl/vijay/speechbrain/cough_audio/icbi//noise/pointsource_noises/noise-free-sound-0363.wav,wav,
noise-free-sound-0364_366,11.8400625,/u/home/s/spaceman/project-voicesafe/spapl/vijay/speechbrain/cough_audio/icbi//noise/pointsource_noises/noise-free-sound-0364.wav,wav,
noise-free-sound-0365_367,10.057125,/u/home/s/spaceman/project-voicesafe/spapl/vijay/speechbrain/cough_audio/icbi//noise/pointsource_noises/noise-free-sound-0365.wav,wav,
noise-free-sound-0366_368,4.049,/u/home/s/spaceman/project-voicesafe/spapl/vijay/speechbrain/cough_audio/icbi//noise/pointsource_noises/noise-free-sound-0366.wav,wav,
noise-free-sound-0367_369,1.044875,/u/home/s/spaceman/project-voicesafe/spapl/vijay/speechbrain/cough_audio/icbi//noise/pointsource_noises/noise-free-sound-0367.wav,wav,
noise-free-sound-0368_370,1.6456875,/u/home/s/spaceman/project-voicesafe/spapl/vijay/speechbrain/cough_audio/icbi//noise/pointsource_noises/noise-free-sound-0368.wav,wav,
noise-free-sound-0369_371,4.049,/u/home/s/spaceman/project-voicesafe/spapl/vijay/speechbrain/cough_audio/icbi//noise/pointsource_noises/noise-free-sound-0369.wav,wav,
noise-free-sound-0370_372,72.2546875,/u/home/s/spaceman/project-voicesafe/spapl/vijay/speechbrain/cough_audio/icbi//noise/pointsource_noises/noise-free-sound-0370.wav,wav,
noise-free-sound-0371_373,21.28,/u/home/s/spaceman/project-voicesafe/spapl/vijay/speechbrain/cough_audio/icbi//noise/pointsource_noises/noise-free-sound-0371.wav,wav,
noise-free-sound-0372_374,22.88875,/u/home/s/spaceman/project-voicesafe/spapl/vijay/speechbrain/cough_audio/icbi//noise/pointsource_noises/noise-free-sound-0372.wav,wav,
noise-free-sound-0376_375,5.0866875,/u/home/s/spaceman/project-voicesafe/spapl/vijay/speechbrain/cough_audio/icbi//noise/pointsource_noises/noise-free-sound-0376.wav,wav,
noise-free-sound-0373_376,3.234625,/u/home/s/spaceman/project-voicesafe/spapl/vijay/speechbrain/cough_audio/icbi//noise/pointsource_noises/noise-free-sound-0373.wav,wav,
noise-free-sound-0374_377,0.7430625,/u/home/s/spaceman/project-voicesafe/spapl/vijay/speechbrain/cough_audio/icbi//noise/pointsource_noises/noise-free-sound-0374.wav,wav,
noise-free-sound-0375_378,0.75,/u/home/s/spaceman/project-voicesafe/spapl/vijay/speechbrain/cough_audio/icbi//noise/pointsource_noises/noise-free-sound-0375.wav,wav,
noise-free-sound-0377_379,8.986125,/u/home/s/spaceman/project-voicesafe/spapl/vijay/speechbrain/cough_audio/icbi//noise/pointsource_noises/noise-free-sound-0377.wav,wav,
noise-free-sound-0378_380,22.2824375,/u/home/s/spaceman/project-voicesafe/spapl/vijay/speechbrain/cough_audio/icbi//noise/pointsource_noises/noise-free-sound-0378.wav,wav,
noise-free-sound-0379_381,6.9893125,/u/home/s/spaceman/project-voicesafe/spapl/vijay/speechbrain/cough_audio/icbi//noise/pointsource_noises/noise-free-sound-0379.wav,wav,
noise-free-sound-0380_382,0.144,/u/home/s/spaceman/project-voicesafe/spapl/vijay/speechbrain/cough_audio/icbi//noise/pointsource_noises/noise-free-sound-0380.wav,wav,
noise-free-sound-0381_383,44.2775625,/u/home/s/spaceman/project-voicesafe/spapl/vijay/speechbrain/cough_audio/icbi//noise/pointsource_noises/noise-free-sound-0381.wav,wav,
noise-free-sound-0382_384,60.552,/u/home/s/spaceman/project-voicesafe/spapl/vijay/speechbrain/cough_audio/icbi//noise/pointsource_noises/noise-free-sound-0382.wav,wav,
noise-free-sound-0383_385,32.904,/u/home/s/spaceman/project-voicesafe/spapl/vijay/speechbrain/cough_audio/icbi//noise/pointsource_noises/noise-free-sound-0383.wav,wav,
noise-free-sound-0384_386,178.211375,/u/home/s/spaceman/project-voicesafe/spapl/vijay/speechbrain/cough_audio/icbi//noise/pointsource_noises/noise-free-sound-0384.wav,wav,
noise-free-sound-0385_387,8.408375,/u/home/s/spaceman/project-voicesafe/spapl/vijay/speechbrain/cough_audio/icbi//noise/pointsource_noises/noise-free-sound-0385.wav,wav,
noise-free-sound-0386_388,26.7350625,/u/home/s/spaceman/project-voicesafe/spapl/vijay/speechbrain/cough_audio/icbi//noise/pointsource_noises/noise-free-sound-0386.wav,wav,
noise-free-sound-0387_389,5.96025,/u/home/s/spaceman/project-voicesafe/spapl/vijay/speechbrain/cough_audio/icbi//noise/pointsource_noises/noise-free-sound-0387.wav,wav,
noise-free-sound-0388_390,4.382375,/u/home/s/spaceman/project-voicesafe/spapl/vijay/speechbrain/cough_audio/icbi//noise/pointsource_noises/noise-free-sound-0388.wav,wav,
noise-free-sound-0389_391,13.7295,/u/home/s/spaceman/project-voicesafe/spapl/vijay/speechbrain/cough_audio/icbi//noise/pointsource_noises/noise-free-sound-0389.wav,wav,
noise-free-sound-0390_392,15.7635,/u/home/s/spaceman/project-voicesafe/spapl/vijay/speechbrain/cough_audio/icbi//noise/pointsource_noises/noise-free-sound-0390.wav,wav,
noise-free-sound-0391_393,23.391,/u/home/s/spaceman/project-voicesafe/spapl/vijay/speechbrain/cough_audio/icbi//noise/pointsource_noises/noise-free-sound-0391.wav,wav,
noise-free-sound-0392_394,13.221,/u/home/s/spaceman/project-voicesafe/spapl/vijay/speechbrain/cough_audio/icbi//noise/pointsource_noises/noise-free-sound-0392.wav,wav,
noise-free-sound-0393_395,5.5379375,/u/home/s/spaceman/project-voicesafe/spapl/vijay/speechbrain/cough_audio/icbi//noise/pointsource_noises/noise-free-sound-0393.wav,wav,
noise-free-sound-0394_396,23.72,/u/home/s/spaceman/project-voicesafe/spapl/vijay/speechbrain/cough_audio/icbi//noise/pointsource_noises/noise-free-sound-0394.wav,wav,
noise-free-sound-0395_397,7.73225,/u/home/s/spaceman/project-voicesafe/spapl/vijay/speechbrain/cough_audio/icbi//noise/pointsource_noises/noise-free-sound-0395.wav,wav,
noise-free-sound-0396_398,9.7959375,/u/home/s/spaceman/project-voicesafe/spapl/vijay/speechbrain/cough_audio/icbi//noise/pointsource_noises/noise-free-sound-0396.wav,wav,
noise-free-sound-0397_399,45.328,/u/home/s/spaceman/project-voicesafe/spapl/vijay/speechbrain/cough_audio/icbi//noise/pointsource_noises/noise-free-sound-0397.wav,wav,
noise-free-sound-0398_400,44.8800625,/u/home/s/spaceman/project-voicesafe/spapl/vijay/speechbrain/cough_audio/icbi//noise/pointsource_noises/noise-free-sound-0398.wav,wav,
noise-free-sound-0399_401,16.9025,/u/home/s/spaceman/project-voicesafe/spapl/vijay/speechbrain/cough_audio/icbi//noise/pointsource_noises/noise-free-sound-0399.wav,wav,
noise-free-sound-0400_402,14.86075,/u/home/s/spaceman/project-voicesafe/spapl/vijay/speechbrain/cough_audio/icbi//noise/pointsource_noises/noise-free-sound-0400.wav,wav,
noise-free-sound-0401_403,10.3515625,/u/home/s/spaceman/project-voicesafe/spapl/vijay/speechbrain/cough_audio/icbi//noise/pointsource_noises/noise-free-sound-0401.wav,wav,
noise-free-sound-0402_404,29.6705625,/u/home/s/spaceman/project-voicesafe/spapl/vijay/speechbrain/cough_audio/icbi//noise/pointsource_noises/noise-free-sound-0402.wav,wav,
noise-free-sound-0403_405,13.009,/u/home/s/spaceman/project-voicesafe/spapl/vijay/speechbrain/cough_audio/icbi//noise/pointsource_noises/noise-free-sound-0403.wav,wav,
noise-free-sound-0404_406,19.040375,/u/home/s/spaceman/project-voicesafe/spapl/vijay/speechbrain/cough_audio/icbi//noise/pointsource_noises/noise-free-sound-0404.wav,wav,
noise-free-sound-0405_407,2.306875,/u/home/s/spaceman/project-voicesafe/spapl/vijay/speechbrain/cough_audio/icbi//noise/pointsource_noises/noise-free-sound-0405.wav,wav,
noise-free-sound-0406_408,19.8315,/u/home/s/spaceman/project-voicesafe/spapl/vijay/speechbrain/cough_audio/icbi//noise/pointsource_noises/noise-free-sound-0406.wav,wav,
noise-free-sound-0407_409,2.9594375,/u/home/s/spaceman/project-voicesafe/spapl/vijay/speechbrain/cough_audio/icbi//noise/pointsource_noises/noise-free-sound-0407.wav,wav,
noise-free-sound-0408_410,15.0,/u/home/s/spaceman/project-voicesafe/spapl/vijay/speechbrain/cough_audio/icbi//noise/pointsource_noises/noise-free-sound-0408.wav,wav,
noise-free-sound-0409_411,8.6186875,/u/home/s/spaceman/project-voicesafe/spapl/vijay/speechbrain/cough_audio/icbi//noise/pointsource_noises/noise-free-sound-0409.wav,wav,
noise-free-sound-0410_412,1.1808125,/u/home/s/spaceman/project-voicesafe/spapl/vijay/speechbrain/cough_audio/icbi//noise/pointsource_noises/noise-free-sound-0410.wav,wav,
noise-free-sound-0411_413,2.3625625,/u/home/s/spaceman/project-voicesafe/spapl/vijay/speechbrain/cough_audio/icbi//noise/pointsource_noises/noise-free-sound-0411.wav,wav,
noise-free-sound-0412_414,2.624875,/u/home/s/spaceman/project-voicesafe/spapl/vijay/speechbrain/cough_audio/icbi//noise/pointsource_noises/noise-free-sound-0412.wav,wav,
noise-free-sound-0413_415,21.995125,/u/home/s/spaceman/project-voicesafe/spapl/vijay/speechbrain/cough_audio/icbi//noise/pointsource_noises/noise-free-sound-0413.wav,wav,
noise-free-sound-0414_416,28.3785,/u/home/s/spaceman/project-voicesafe/spapl/vijay/speechbrain/cough_audio/icbi//noise/pointsource_noises/noise-free-sound-0414.wav,wav,
noise-free-sound-0415_417,6.624,/u/home/s/spaceman/project-voicesafe/spapl/vijay/speechbrain/cough_audio/icbi//noise/pointsource_noises/noise-free-sound-0415.wav,wav,
noise-free-sound-0416_418,14.9700625,/u/home/s/spaceman/project-voicesafe/spapl/vijay/speechbrain/cough_audio/icbi//noise/pointsource_noises/noise-free-sound-0416.wav,wav,
noise-free-sound-0417_419,10.1516875,/u/home/s/spaceman/project-voicesafe/spapl/vijay/speechbrain/cough_audio/icbi//noise/pointsource_noises/noise-free-sound-0417.wav,wav,
noise-free-sound-0418_420,40.99575,/u/home/s/spaceman/project-voicesafe/spapl/vijay/speechbrain/cough_audio/icbi//noise/pointsource_noises/noise-free-sound-0418.wav,wav,
noise-free-sound-0419_421,11.9901875,/u/home/s/spaceman/project-voicesafe/spapl/vijay/speechbrain/cough_audio/icbi//noise/pointsource_noises/noise-free-sound-0419.wav,wav,
noise-free-sound-0420_422,0.8214375,/u/home/s/spaceman/project-voicesafe/spapl/vijay/speechbrain/cough_audio/icbi//noise/pointsource_noises/noise-free-sound-0420.wav,wav,
noise-free-sound-0421_423,3.3698125,/u/home/s/spaceman/project-voicesafe/spapl/vijay/speechbrain/cough_audio/icbi//noise/pointsource_noises/noise-free-sound-0421.wav,wav,
noise-free-sound-0422_424,9.1626875,/u/home/s/spaceman/project-voicesafe/spapl/vijay/speechbrain/cough_audio/icbi//noise/pointsource_noises/noise-free-sound-0422.wav,wav,
noise-free-sound-0425_425,1.410625,/u/home/s/spaceman/project-voicesafe/spapl/vijay/speechbrain/cough_audio/icbi//noise/pointsource_noises/noise-free-sound-0425.wav,wav,
noise-free-sound-0426_426,3.89225,/u/home/s/spaceman/project-voicesafe/spapl/vijay/speechbrain/cough_audio/icbi//noise/pointsource_noises/noise-free-sound-0426.wav,wav,
noise-free-sound-0427_427,21.995125,/u/home/s/spaceman/project-voicesafe/spapl/vijay/speechbrain/cough_audio/icbi//noise/pointsource_noises/noise-free-sound-0427.wav,wav,
noise-free-sound-0428_428,18.622375,/u/home/s/spaceman/project-voicesafe/spapl/vijay/speechbrain/cough_audio/icbi//noise/pointsource_noises/noise-free-sound-0428.wav,wav,
noise-free-sound-0429_429,24.0,/u/home/s/spaceman/project-voicesafe/spapl/vijay/speechbrain/cough_audio/icbi//noise/pointsource_noises/noise-free-sound-0429.wav,wav,
noise-free-sound-0430_430,67.2,/u/home/s/spaceman/project-voicesafe/spapl/vijay/speechbrain/cough_audio/icbi//noise/pointsource_noises/noise-free-sound-0430.wav,wav,
noise-free-sound-0431_431,22.9355,/u/home/s/spaceman/project-voicesafe/spapl/vijay/speechbrain/cough_audio/icbi//noise/pointsource_noises/noise-free-sound-0431.wav,wav,
noise-free-sound-0432_432,22.2540625,/u/home/s/spaceman/project-voicesafe/spapl/vijay/speechbrain/cough_audio/icbi//noise/pointsource_noises/noise-free-sound-0432.wav,wav,
noise-free-sound-0433_433,42.2370625,/u/home/s/spaceman/project-voicesafe/spapl/vijay/speechbrain/cough_audio/icbi//noise/pointsource_noises/noise-free-sound-0433.wav,wav,
noise-free-sound-0434_434,21.528,/u/home/s/spaceman/project-voicesafe/spapl/vijay/speechbrain/cough_audio/icbi//noise/pointsource_noises/noise-free-sound-0434.wav,wav,
noise-free-sound-0435_435,5.27675,/u/home/s/spaceman/project-voicesafe/spapl/vijay/speechbrain/cough_audio/icbi//noise/pointsource_noises/noise-free-sound-0435.wav,wav,
noise-free-sound-0436_436,51.2120625,/u/home/s/spaceman/project-voicesafe/spapl/vijay/speechbrain/cough_audio/icbi//noise/pointsource_noises/noise-free-sound-0436.wav,wav,
noise-free-sound-0437_437,1.19,/u/home/s/spaceman/project-voicesafe/spapl/vijay/speechbrain/cough_audio/icbi//noise/pointsource_noises/noise-free-sound-0437.wav,wav,
noise-free-sound-0438_438,7.52325,/u/home/s/spaceman/project-voicesafe/spapl/vijay/speechbrain/cough_audio/icbi//noise/pointsource_noises/noise-free-sound-0438.wav,wav,
noise-free-sound-0439_439,30.7875625,/u/home/s/spaceman/project-voicesafe/spapl/vijay/speechbrain/cough_audio/icbi//noise/pointsource_noises/noise-free-sound-0439.wav,wav,
noise-free-sound-0440_440,4.1883125,/u/home/s/spaceman/project-voicesafe/spapl/vijay/speechbrain/cough_audio/icbi//noise/pointsource_noises/noise-free-sound-0440.wav,wav,
noise-free-sound-0441_441,45.568,/u/home/s/spaceman/project-voicesafe/spapl/vijay/speechbrain/cough_audio/icbi//noise/pointsource_noises/noise-free-sound-0441.wav,wav,
noise-free-sound-0442_442,76.0721875,/u/home/s/spaceman/project-voicesafe/spapl/vijay/speechbrain/cough_audio/icbi//noise/pointsource_noises/noise-free-sound-0442.wav,wav,
noise-free-sound-0443_443,42.24,/u/home/s/spaceman/project-voicesafe/spapl/vijay/speechbrain/cough_audio/icbi//noise/pointsource_noises/noise-free-sound-0443.wav,wav,
noise-free-sound-0444_444,20.2478125,/u/home/s/spaceman/project-voicesafe/spapl/vijay/speechbrain/cough_audio/icbi//noise/pointsource_noises/noise-free-sound-0444.wav,wav,
noise-free-sound-0445_445,18.3901875,/u/home/s/spaceman/project-voicesafe/spapl/vijay/speechbrain/cough_audio/icbi//noise/pointsource_noises/noise-free-sound-0445.wav,wav,
noise-free-sound-0446_446,31.416,/u/home/s/spaceman/project-voicesafe/spapl/vijay/speechbrain/cough_audio/icbi//noise/pointsource_noises/noise-free-sound-0446.wav,wav,
noise-free-sound-0447_447,28.5779375,/u/home/s/spaceman/project-voicesafe/spapl/vijay/speechbrain/cough_audio/icbi//noise/pointsource_noises/noise-free-sound-0447.wav,wav,
noise-free-sound-0448_448,0.574,/u/home/s/spaceman/project-voicesafe/spapl/vijay/speechbrain/cough_audio/icbi//noise/pointsource_noises/noise-free-sound-0448.wav,wav,
noise-free-sound-0479_449,3.715625,/u/home/s/spaceman/project-voicesafe/spapl/vijay/speechbrain/cough_audio/icbi//noise/pointsource_noises/noise-free-sound-0479.wav,wav,
noise-free-sound-0449_450,4.7380625,/u/home/s/spaceman/project-voicesafe/spapl/vijay/speechbrain/cough_audio/icbi//noise/pointsource_noises/noise-free-sound-0449.wav,wav,
noise-free-sound-0450_451,16.1713125,/u/home/s/spaceman/project-voicesafe/spapl/vijay/speechbrain/cough_audio/icbi//noise/pointsource_noises/noise-free-sound-0450.wav,wav,
noise-free-sound-0451_452,44.04,/u/home/s/spaceman/project-voicesafe/spapl/vijay/speechbrain/cough_audio/icbi//noise/pointsource_noises/noise-free-sound-0451.wav,wav,
noise-free-sound-0452_453,17.8445625,/u/home/s/spaceman/project-voicesafe/spapl/vijay/speechbrain/cough_audio/icbi//noise/pointsource_noises/noise-free-sound-0452.wav,wav,
noise-free-sound-0453_454,0.9404375,/u/home/s/spaceman/project-voicesafe/spapl/vijay/speechbrain/cough_audio/icbi//noise/pointsource_noises/noise-free-sound-0453.wav,wav,
noise-free-sound-0454_455,41.885,/u/home/s/spaceman/project-voicesafe/spapl/vijay/speechbrain/cough_audio/icbi//noise/pointsource_noises/noise-free-sound-0454.wav,wav,
noise-free-sound-0455_456,168.2695,/u/home/s/spaceman/project-voicesafe/spapl/vijay/speechbrain/cough_audio/icbi//noise/pointsource_noises/noise-free-sound-0455.wav,wav,
noise-free-sound-0456_457,28.96325,/u/home/s/spaceman/project-voicesafe/spapl/vijay/speechbrain/cough_audio/icbi//noise/pointsource_noises/noise-free-sound-0456.wav,wav,
noise-free-sound-0457_458,44.3666875,/u/home/s/spaceman/project-voicesafe/spapl/vijay/speechbrain/cough_audio/icbi//noise/pointsource_noises/noise-free-sound-0457.wav,wav,
noise-free-sound-0458_459,20.7055625,/u/home/s/spaceman/project-voicesafe/spapl/vijay/speechbrain/cough_audio/icbi//noise/pointsource_noises/noise-free-sound-0458.wav,wav,
noise-free-sound-0459_460,40.3069375,/u/home/s/spaceman/project-voicesafe/spapl/vijay/speechbrain/cough_audio/icbi//noise/pointsource_noises/noise-free-sound-0459.wav,wav,
noise-free-sound-0460_461,13.104,/u/home/s/spaceman/project-voicesafe/spapl/vijay/speechbrain/cough_audio/icbi//noise/pointsource_noises/noise-free-sound-0460.wav,wav,
noise-free-sound-0461_462,53.3406875,/u/home/s/spaceman/project-voicesafe/spapl/vijay/speechbrain/cough_audio/icbi//noise/pointsource_noises/noise-free-sound-0461.wav,wav,
noise-free-sound-0462_463,18.76375,/u/home/s/spaceman/project-voicesafe/spapl/vijay/speechbrain/cough_audio/icbi//noise/pointsource_noises/noise-free-sound-0462.wav,wav,
noise-free-sound-0463_464,15.1105625,/u/home/s/spaceman/project-voicesafe/spapl/vijay/speechbrain/cough_audio/icbi//noise/pointsource_noises/noise-free-sound-0463.wav,wav,
noise-free-sound-0464_465,8.0831875,/u/home/s/spaceman/project-voicesafe/spapl/vijay/speechbrain/cough_audio/icbi//noise/pointsource_noises/noise-free-sound-0464.wav,wav,
noise-free-sound-0465_466,9.007375,/u/home/s/spaceman/project-voicesafe/spapl/vijay/speechbrain/cough_audio/icbi//noise/pointsource_noises/noise-free-sound-0465.wav,wav,
noise-free-sound-0466_467,13.9530625,/u/home/s/spaceman/project-voicesafe/spapl/vijay/speechbrain/cough_audio/icbi//noise/pointsource_noises/noise-free-sound-0466.wav,wav,
noise-free-sound-0467_468,14.1738125,/u/home/s/spaceman/project-voicesafe/spapl/vijay/speechbrain/cough_audio/icbi//noise/pointsource_noises/noise-free-sound-0467.wav,wav,
noise-free-sound-0468_469,23.12375,/u/home/s/spaceman/project-voicesafe/spapl/vijay/speechbrain/cough_audio/icbi//noise/pointsource_noises/noise-free-sound-0468.wav,wav,
noise-free-sound-0469_470,10.7805,/u/home/s/spaceman/project-voicesafe/spapl/vijay/speechbrain/cough_audio/icbi//noise/pointsource_noises/noise-free-sound-0469.wav,wav,
noise-free-sound-0470_471,4.757375,/u/home/s/spaceman/project-voicesafe/spapl/vijay/speechbrain/cough_audio/icbi//noise/pointsource_noises/noise-free-sound-0470.wav,wav,
noise-free-sound-0471_472,7.915125,/u/home/s/spaceman/project-voicesafe/spapl/vijay/speechbrain/cough_audio/icbi//noise/pointsource_noises/noise-free-sound-0471.wav,wav,
noise-free-sound-0472_473,94.0,/u/home/s/spaceman/project-voicesafe/spapl/vijay/speechbrain/cough_audio/icbi//noise/pointsource_noises/noise-free-sound-0472.wav,wav,
noise-free-sound-0473_474,9.11675,/u/home/s/spaceman/project-voicesafe/spapl/vijay/speechbrain/cough_audio/icbi//noise/pointsource_noises/noise-free-sound-0473.wav,wav,
noise-free-sound-0474_475,35.935,/u/home/s/spaceman/project-voicesafe/spapl/vijay/speechbrain/cough_audio/icbi//noise/pointsource_noises/noise-free-sound-0474.wav,wav,
noise-free-sound-0475_476,36.3624375,/u/home/s/spaceman/project-voicesafe/spapl/vijay/speechbrain/cough_audio/icbi//noise/pointsource_noises/noise-free-sound-0475.wav,wav,
noise-free-sound-0476_477,9.5608125,/u/home/s/spaceman/project-voicesafe/spapl/vijay/speechbrain/cough_audio/icbi//noise/pointsource_noises/noise-free-sound-0476.wav,wav,
noise-free-sound-0477_478,15.124875,/u/home/s/spaceman/project-voicesafe/spapl/vijay/speechbrain/cough_audio/icbi//noise/pointsource_noises/noise-free-sound-0477.wav,wav,
noise-free-sound-0478_479,8.5195,/u/home/s/spaceman/project-voicesafe/spapl/vijay/speechbrain/cough_audio/icbi//noise/pointsource_noises/noise-free-sound-0478.wav,wav,
noise-free-sound-0480_480,35.2898125,/u/home/s/spaceman/project-voicesafe/spapl/vijay/speechbrain/cough_audio/icbi//noise/pointsource_noises/noise-free-sound-0480.wav,wav,
noise-free-sound-0481_481,7.907875,/u/home/s/spaceman/project-voicesafe/spapl/vijay/speechbrain/cough_audio/icbi//noise/pointsource_noises/noise-free-sound-0481.wav,wav,
noise-free-sound-0482_482,13.5314375,/u/home/s/spaceman/project-voicesafe/spapl/vijay/speechbrain/cough_audio/icbi//noise/pointsource_noises/noise-free-sound-0482.wav,wav,
noise-free-sound-0483_483,22.5959375,/u/home/s/spaceman/project-voicesafe/spapl/vijay/speechbrain/cough_audio/icbi//noise/pointsource_noises/noise-free-sound-0483.wav,wav,
noise-free-sound-0484_484,10.6318125,/u/home/s/spaceman/project-voicesafe/spapl/vijay/speechbrain/cough_audio/icbi//noise/pointsource_noises/noise-free-sound-0484.wav,wav,
noise-free-sound-0485_485,10.8930625,/u/home/s/spaceman/project-voicesafe/spapl/vijay/speechbrain/cough_audio/icbi//noise/pointsource_noises/noise-free-sound-0485.wav,wav,
noise-free-sound-0486_486,6.4098125,/u/home/s/spaceman/project-voicesafe/spapl/vijay/speechbrain/cough_audio/icbi//noise/pointsource_noises/noise-free-sound-0486.wav,wav,
noise-free-sound-0487_487,1.9301875,/u/home/s/spaceman/project-voicesafe/spapl/vijay/speechbrain/cough_audio/icbi//noise/pointsource_noises/noise-free-sound-0487.wav,wav,
noise-free-sound-0488_488,5.656875,/u/home/s/spaceman/project-voicesafe/spapl/vijay/speechbrain/cough_audio/icbi//noise/pointsource_noises/noise-free-sound-0488.wav,wav,
noise-free-sound-0489_489,62.8613125,/u/home/s/spaceman/project-voicesafe/spapl/vijay/speechbrain/cough_audio/icbi//noise/pointsource_noises/noise-free-sound-0489.wav,wav,
noise-free-sound-0490_490,12.9799375,/u/home/s/spaceman/project-voicesafe/spapl/vijay/speechbrain/cough_audio/icbi//noise/pointsource_noises/noise-free-sound-0490.wav,wav,
noise-free-sound-0491_491,1.544125,/u/home/s/spaceman/project-voicesafe/spapl/vijay/speechbrain/cough_audio/icbi//noise/pointsource_noises/noise-free-sound-0491.wav,wav,
noise-free-sound-0492_492,20.0,/u/home/s/spaceman/project-voicesafe/spapl/vijay/speechbrain/cough_audio/icbi//noise/pointsource_noises/noise-free-sound-0492.wav,wav,
noise-free-sound-0493_493,14.02775,/u/home/s/spaceman/project-voicesafe/spapl/vijay/speechbrain/cough_audio/icbi//noise/pointsource_noises/noise-free-sound-0493.wav,wav,
noise-free-sound-0494_494,56.05875,/u/home/s/spaceman/project-voicesafe/spapl/vijay/speechbrain/cough_audio/icbi//noise/pointsource_noises/noise-free-sound-0494.wav,wav,
noise-free-sound-0495_495,18.2066875,/u/home/s/spaceman/project-voicesafe/spapl/vijay/speechbrain/cough_audio/icbi//noise/pointsource_noises/noise-free-sound-0495.wav,wav,
noise-free-sound-0496_496,5.97325,/u/home/s/spaceman/project-voicesafe/spapl/vijay/speechbrain/cough_audio/icbi//noise/pointsource_noises/noise-free-sound-0496.wav,wav,
noise-free-sound-0497_497,302.0,/u/home/s/spaceman/project-voicesafe/spapl/vijay/speechbrain/cough_audio/icbi//noise/pointsource_noises/noise-free-sound-0497.wav,wav,
noise-free-sound-0498_498,5.0,/u/home/s/spaceman/project-voicesafe/spapl/vijay/speechbrain/cough_audio/icbi//noise/pointsource_noises/noise-free-sound-0498.wav,wav,
noise-free-sound-0499_499,7.889,/u/home/s/spaceman/project-voicesafe/spapl/vijay/speechbrain/cough_audio/icbi//noise/pointsource_noises/noise-free-sound-0499.wav,wav,
noise-free-sound-0500_500,34.374875,/u/home/s/spaceman/project-voicesafe/spapl/vijay/speechbrain/cough_audio/icbi//noise/pointsource_noises/noise-free-sound-0500.wav,wav,
noise-free-sound-0501_501,12.0079375,/u/home/s/spaceman/project-voicesafe/spapl/vijay/speechbrain/cough_audio/icbi//noise/pointsource_noises/noise-free-sound-0501.wav,wav,
noise-free-sound-0502_502,73.2,/u/home/s/spaceman/project-voicesafe/spapl/vijay/speechbrain/cough_audio/icbi//noise/pointsource_noises/noise-free-sound-0502.wav,wav,
noise-free-sound-0503_503,5.0648125,/u/home/s/spaceman/project-voicesafe/spapl/vijay/speechbrain/cough_audio/icbi//noise/pointsource_noises/noise-free-sound-0503.wav,wav,
noise-free-sound-0504_504,58.0034375,/u/home/s/spaceman/project-voicesafe/spapl/vijay/speechbrain/cough_audio/icbi//noise/pointsource_noises/noise-free-sound-0504.wav,wav,
noise-free-sound-0505_505,9.373875,/u/home/s/spaceman/project-voicesafe/spapl/vijay/speechbrain/cough_audio/icbi//noise/pointsource_noises/noise-free-sound-0505.wav,wav,
noise-free-sound-0506_506,24.58125,/u/home/s/spaceman/project-voicesafe/spapl/vijay/speechbrain/cough_audio/icbi//noise/pointsource_noises/noise-free-sound-0506.wav,wav,
noise-free-sound-0507_507,1.1199375,/u/home/s/spaceman/project-voicesafe/spapl/vijay/speechbrain/cough_audio/icbi//noise/pointsource_noises/noise-free-sound-0507.wav,wav,
noise-free-sound-0508_508,7.319875,/u/home/s/spaceman/project-voicesafe/spapl/vijay/speechbrain/cough_audio/icbi//noise/pointsource_noises/noise-free-sound-0508.wav,wav,
noise-free-sound-0509_509,10.79725,/u/home/s/spaceman/project-voicesafe/spapl/vijay/speechbrain/cough_audio/icbi//noise/pointsource_noises/noise-free-sound-0509.wav,wav,
noise-free-sound-0510_510,19.845125,/u/home/s/spaceman/project-voicesafe/spapl/vijay/speechbrain/cough_audio/icbi//noise/pointsource_noises/noise-free-sound-0510.wav,wav,
noise-free-sound-0511_511,4.0,/u/home/s/spaceman/project-voicesafe/spapl/vijay/speechbrain/cough_audio/icbi//noise/pointsource_noises/noise-free-sound-0511.wav,wav,
noise-free-sound-0512_512,3.78775,/u/home/s/spaceman/project-voicesafe/spapl/vijay/speechbrain/cough_audio/icbi//noise/pointsource_noises/noise-free-sound-0512.wav,wav,
noise-free-sound-0513_513,10.7885625,/u/home/s/spaceman/project-voicesafe/spapl/vijay/speechbrain/cough_audio/icbi//noise/pointsource_noises/noise-free-sound-0513.wav,wav,
noise-free-sound-0514_514,5.329,/u/home/s/spaceman/project-voicesafe/spapl/vijay/speechbrain/cough_audio/icbi//noise/pointsource_noises/noise-free-sound-0514.wav,wav,
noise-free-sound-0515_515,4.075125,/u/home/s/spaceman/project-voicesafe/spapl/vijay/speechbrain/cough_audio/icbi//noise/pointsource_noises/noise-free-sound-0515.wav,wav,
noise-free-sound-0516_516,1.0991875,/u/home/s/spaceman/project-voicesafe/spapl/vijay/speechbrain/cough_audio/icbi//noise/pointsource_noises/noise-free-sound-0516.wav,wav,
noise-free-sound-0517_517,9.962,/u/home/s/spaceman/project-voicesafe/spapl/vijay/speechbrain/cough_audio/icbi//noise/pointsource_noises/noise-free-sound-0517.wav,wav,
noise-free-sound-0518_518,18.7820625,/u/home/s/spaceman/project-voicesafe/spapl/vijay/speechbrain/cough_audio/icbi//noise/pointsource_noises/noise-free-sound-0518.wav,wav,
noise-free-sound-0519_519,33.5935,/u/home/s/spaceman/project-voicesafe/spapl/vijay/speechbrain/cough_audio/icbi//noise/pointsource_noises/noise-free-sound-0519.wav,wav,
noise-free-sound-0520_520,12.5,/u/home/s/spaceman/project-voicesafe/spapl/vijay/speechbrain/cough_audio/icbi//noise/pointsource_noises/noise-free-sound-0520.wav,wav,
noise-free-sound-0521_521,7.0008125,/u/home/s/spaceman/project-voicesafe/spapl/vijay/speechbrain/cough_audio/icbi//noise/pointsource_noises/noise-free-sound-0521.wav,wav,
noise-free-sound-0522_522,79.2853125,/u/home/s/spaceman/project-voicesafe/spapl/vijay/speechbrain/cough_audio/icbi//noise/pointsource_noises/noise-free-sound-0522.wav,wav,
noise-free-sound-0523_523,8.424,/u/home/s/spaceman/project-voicesafe/spapl/vijay/speechbrain/cough_audio/icbi//noise/pointsource_noises/noise-free-sound-0523.wav,wav,
noise-free-sound-0524_524,22.6495,/u/home/s/spaceman/project-voicesafe/spapl/vijay/speechbrain/cough_audio/icbi//noise/pointsource_noises/noise-free-sound-0524.wav,wav,
noise-free-sound-0525_525,0.9583125,/u/home/s/spaceman/project-voicesafe/spapl/vijay/speechbrain/cough_audio/icbi//noise/pointsource_noises/noise-free-sound-0525.wav,wav,
noise-free-sound-0526_526,1.4186875,/u/home/s/spaceman/project-voicesafe/spapl/vijay/speechbrain/cough_audio/icbi//noise/pointsource_noises/noise-free-sound-0526.wav,wav,
noise-free-sound-0527_527,9.3093125,/u/home/s/spaceman/project-voicesafe/spapl/vijay/speechbrain/cough_audio/icbi//noise/pointsource_noises/noise-free-sound-0527.wav,wav,
noise-free-sound-0528_528,3.06975,/u/home/s/spaceman/project-voicesafe/spapl/vijay/speechbrain/cough_audio/icbi//noise/pointsource_noises/noise-free-sound-0528.wav,wav,
noise-free-sound-0529_529,1.8594375,/u/home/s/spaceman/project-voicesafe/spapl/vijay/speechbrain/cough_audio/icbi//noise/pointsource_noises/noise-free-sound-0529.wav,wav,
noise-free-sound-0530_530,7.7573125,/u/home/s/spaceman/project-voicesafe/spapl/vijay/speechbrain/cough_audio/icbi//noise/pointsource_noises/noise-free-sound-0530.wav,wav,
noise-free-sound-0531_531,46.7388125,/u/home/s/spaceman/project-voicesafe/spapl/vijay/speechbrain/cough_audio/icbi//noise/pointsource_noises/noise-free-sound-0531.wav,wav,
noise-free-sound-0532_532,6.0,/u/home/s/spaceman/project-voicesafe/spapl/vijay/speechbrain/cough_audio/icbi//noise/pointsource_noises/noise-free-sound-0532.wav,wav,
noise-free-sound-0533_533,37.91875,/u/home/s/spaceman/project-voicesafe/spapl/vijay/speechbrain/cough_audio/icbi//noise/pointsource_noises/noise-free-sound-0533.wav,wav,
noise-free-sound-0534_534,17.477625,/u/home/s/spaceman/project-voicesafe/spapl/vijay/speechbrain/cough_audio/icbi//noise/pointsource_noises/noise-free-sound-0534.wav,wav,
noise-free-sound-0535_535,18.137625,/u/home/s/spaceman/project-voicesafe/spapl/vijay/speechbrain/cough_audio/icbi//noise/pointsource_noises/noise-free-sound-0535.wav,wav,
noise-free-sound-0536_536,0.69275,/u/home/s/spaceman/project-voicesafe/spapl/vijay/speechbrain/cough_audio/icbi//noise/pointsource_noises/noise-free-sound-0536.wav,wav,
noise-free-sound-0537_537,12.1733125,/u/home/s/spaceman/project-voicesafe/spapl/vijay/speechbrain/cough_audio/icbi//noise/pointsource_noises/noise-free-sound-0537.wav,wav,
noise-free-sound-0538_538,0.5738125,/u/home/s/spaceman/project-voicesafe/spapl/vijay/speechbrain/cough_audio/icbi//noise/pointsource_noises/noise-free-sound-0538.wav,wav,
noise-free-sound-0539_539,1.515125,/u/home/s/spaceman/project-voicesafe/spapl/vijay/speechbrain/cough_audio/icbi//noise/pointsource_noises/noise-free-sound-0539.wav,wav,
noise-free-sound-0540_540,3.0040625,/u/home/s/spaceman/project-voicesafe/spapl/vijay/speechbrain/cough_audio/icbi//noise/pointsource_noises/noise-free-sound-0540.wav,wav,
noise-free-sound-0541_541,16.37875,/u/home/s/spaceman/project-voicesafe/spapl/vijay/speechbrain/cough_audio/icbi//noise/pointsource_noises/noise-free-sound-0541.wav,wav,
noise-free-sound-0542_542,8.224,/u/home/s/spaceman/project-voicesafe/spapl/vijay/speechbrain/cough_audio/icbi//noise/pointsource_noises/noise-free-sound-0542.wav,wav,
noise-free-sound-0543_543,4.356,/u/home/s/spaceman/project-voicesafe/spapl/vijay/speechbrain/cough_audio/icbi//noise/pointsource_noises/noise-free-sound-0543.wav,wav,
noise-free-sound-0544_544,107.064,/u/home/s/spaceman/project-voicesafe/spapl/vijay/speechbrain/cough_audio/icbi//noise/pointsource_noises/noise-free-sound-0544.wav,wav,
noise-free-sound-0545_545,31.07325,/u/home/s/spaceman/project-voicesafe/spapl/vijay/speechbrain/cough_audio/icbi//noise/pointsource_noises/noise-free-sound-0545.wav,wav,
noise-free-sound-0546_546,117.6240625,/u/home/s/spaceman/project-voicesafe/spapl/vijay/speechbrain/cough_audio/icbi//noise/pointsource_noises/noise-free-sound-0546.wav,wav,
noise-free-sound-0547_547,4.848875,/u/home/s/spaceman/project-voicesafe/spapl/vijay/speechbrain/cough_audio/icbi//noise/pointsource_noises/noise-free-sound-0547.wav,wav,
noise-free-sound-0548_548,8.2024375,/u/home/s/spaceman/project-voicesafe/spapl/vijay/speechbrain/cough_audio/icbi//noise/pointsource_noises/noise-free-sound-0548.wav,wav,
noise-free-sound-0549_549,5.832,/u/home/s/spaceman/project-voicesafe/spapl/vijay/speechbrain/cough_audio/icbi//noise/pointsource_noises/noise-free-sound-0549.wav,wav,
noise-free-sound-0550_550,6.373875,/u/home/s/spaceman/project-voicesafe/spapl/vijay/speechbrain/cough_audio/icbi//noise/pointsource_noises/noise-free-sound-0550.wav,wav,
noise-free-sound-0551_551,33.18525,/u/home/s/spaceman/project-voicesafe/spapl/vijay/speechbrain/cough_audio/icbi//noise/pointsource_noises/noise-free-sound-0551.wav,wav,
noise-free-sound-0552_552,77.736,/u/home/s/spaceman/project-voicesafe/spapl/vijay/speechbrain/cough_audio/icbi//noise/pointsource_noises/noise-free-sound-0552.wav,wav,
noise-free-sound-0553_553,16.431,/u/home/s/spaceman/project-voicesafe/spapl/vijay/speechbrain/cough_audio/icbi//noise/pointsource_noises/noise-free-sound-0553.wav,wav,
noise-free-sound-0554_554,0.7836875,/u/home/s/spaceman/project-voicesafe/spapl/vijay/speechbrain/cough_audio/icbi//noise/pointsource_noises/noise-free-sound-0554.wav,wav,
noise-free-sound-0555_555,21.577125,/u/home/s/spaceman/project-voicesafe/spapl/vijay/speechbrain/cough_audio/icbi//noise/pointsource_noises/noise-free-sound-0555.wav,wav,
noise-free-sound-0556_556,19.9053125,/u/home/s/spaceman/project-voicesafe/spapl/vijay/speechbrain/cough_audio/icbi//noise/pointsource_noises/noise-free-sound-0556.wav,wav,
noise-free-sound-0557_557,9.11675,/u/home/s/spaceman/project-voicesafe/spapl/vijay/speechbrain/cough_audio/icbi//noise/pointsource_noises/noise-free-sound-0557.wav,wav,
noise-free-sound-0558_558,8.38575,/u/home/s/spaceman/project-voicesafe/spapl/vijay/speechbrain/cough_audio/icbi//noise/pointsource_noises/noise-free-sound-0558.wav,wav,
noise-free-sound-0559_559,14.204625,/u/home/s/spaceman/project-voicesafe/spapl/vijay/speechbrain/cough_audio/icbi//noise/pointsource_noises/noise-free-sound-0559.wav,wav,
noise-free-sound-0560_560,269.544,/u/home/s/spaceman/project-voicesafe/spapl/vijay/speechbrain/cough_audio/icbi//noise/pointsource_noises/noise-free-sound-0560.wav,wav,
noise-free-sound-0561_561,1.1755,/u/home/s/spaceman/project-voicesafe/spapl/vijay/speechbrain/cough_audio/icbi//noise/pointsource_noises/noise-free-sound-0561.wav,wav,
noise-free-sound-0562_562,9.0645,/u/home/s/spaceman/project-voicesafe/spapl/vijay/speechbrain/cough_audio/icbi//noise/pointsource_noises/noise-free-sound-0562.wav,wav,
noise-free-sound-0563_563,24.331875,/u/home/s/spaceman/project-voicesafe/spapl/vijay/speechbrain/cough_audio/icbi//noise/pointsource_noises/noise-free-sound-0563.wav,wav,
noise-free-sound-0564_564,0.1035625,/u/home/s/spaceman/project-voicesafe/spapl/vijay/speechbrain/cough_audio/icbi//noise/pointsource_noises/noise-free-sound-0564.wav,wav,
noise-free-sound-0565_565,7.429375,/u/home/s/spaceman/project-voicesafe/spapl/vijay/speechbrain/cough_audio/icbi//noise/pointsource_noises/noise-free-sound-0565.wav,wav,
noise-free-sound-0566_566,6.1883125,/u/home/s/spaceman/project-voicesafe/spapl/vijay/speechbrain/cough_audio/icbi//noise/pointsource_noises/noise-free-sound-0566.wav,wav,
noise-free-sound-0567_567,98.88,/u/home/s/spaceman/project-voicesafe/spapl/vijay/speechbrain/cough_audio/icbi//noise/pointsource_noises/noise-free-sound-0567.wav,wav,
noise-free-sound-0568_568,113.6384375,/u/home/s/spaceman/project-voicesafe/spapl/vijay/speechbrain/cough_audio/icbi//noise/pointsource_noises/noise-free-sound-0568.wav,wav,
noise-free-sound-0569_569,3.84,/u/home/s/spaceman/project-voicesafe/spapl/vijay/speechbrain/cough_audio/icbi//noise/pointsource_noises/noise-free-sound-0569.wav,wav,
noise-free-sound-0570_570,6.373875,/u/home/s/spaceman/project-voicesafe/spapl/vijay/speechbrain/cough_audio/icbi//noise/pointsource_noises/noise-free-sound-0570.wav,wav,
noise-free-sound-0571_571,7.1314375,/u/home/s/spaceman/project-voicesafe/spapl/vijay/speechbrain/cough_audio/icbi//noise/pointsource_noises/noise-free-sound-0571.wav,wav,
noise-free-sound-0572_572,123.4285625,/u/home/s/spaceman/project-voicesafe/spapl/vijay/speechbrain/cough_audio/icbi//noise/pointsource_noises/noise-free-sound-0572.wav,wav,
noise-free-sound-0573_573,0.391,/u/home/s/spaceman/project-voicesafe/spapl/vijay/speechbrain/cough_audio/icbi//noise/pointsource_noises/noise-free-sound-0573.wav,wav,
noise-free-sound-0574_574,20.8456875,/u/home/s/spaceman/project-voicesafe/spapl/vijay/speechbrain/cough_audio/icbi//noise/pointsource_noises/noise-free-sound-0574.wav,wav,
noise-free-sound-0575_575,6.635125,/u/home/s/spaceman/project-voicesafe/spapl/vijay/speechbrain/cough_audio/icbi//noise/pointsource_noises/noise-free-sound-0575.wav,wav,
noise-free-sound-0576_576,3.732625,/u/home/s/spaceman/project-voicesafe/spapl/vijay/speechbrain/cough_audio/icbi//noise/pointsource_noises/noise-free-sound-0576.wav,wav,
noise-free-sound-0577_577,13.4530625,/u/home/s/spaceman/project-voicesafe/spapl/vijay/speechbrain/cough_audio/icbi//noise/pointsource_noises/noise-free-sound-0577.wav,wav,
noise-free-sound-0578_578,19.35675,/u/home/s/spaceman/project-voicesafe/spapl/vijay/speechbrain/cough_audio/icbi//noise/pointsource_noises/noise-free-sound-0578.wav,wav,
noise-free-sound-0579_579,17.2660625,/u/home/s/spaceman/project-voicesafe/spapl/vijay/speechbrain/cough_audio/icbi//noise/pointsource_noises/noise-free-sound-0579.wav,wav,
noise-free-sound-0580_580,135.68,/u/home/s/spaceman/project-voicesafe/spapl/vijay/speechbrain/cough_audio/icbi//noise/pointsource_noises/noise-free-sound-0580.wav,wav,
noise-free-sound-0581_581,51.4863125,/u/home/s/spaceman/project-voicesafe/spapl/vijay/speechbrain/cough_audio/icbi//noise/pointsource_noises/noise-free-sound-0581.wav,wav,
noise-free-sound-0582_582,1.4744375,/u/home/s/spaceman/project-voicesafe/spapl/vijay/speechbrain/cough_audio/icbi//noise/pointsource_noises/noise-free-sound-0582.wav,wav,
noise-free-sound-0583_583,2.04375,/u/home/s/spaceman/project-voicesafe/spapl/vijay/speechbrain/cough_audio/icbi//noise/pointsource_noises/noise-free-sound-0583.wav,wav,
noise-free-sound-0584_584,15.7739375,/u/home/s/spaceman/project-voicesafe/spapl/vijay/speechbrain/cough_audio/icbi//noise/pointsource_noises/noise-free-sound-0584.wav,wav,
noise-free-sound-0585_585,0.9288125,/u/home/s/spaceman/project-voicesafe/spapl/vijay/speechbrain/cough_audio/icbi//noise/pointsource_noises/noise-free-sound-0585.wav,wav,
noise-free-sound-0586_586,10.8333125,/u/home/s/spaceman/project-voicesafe/spapl/vijay/speechbrain/cough_audio/icbi//noise/pointsource_noises/noise-free-sound-0586.wav,wav,
noise-free-sound-0587_587,6.1226875,/u/home/s/spaceman/project-voicesafe/spapl/vijay/speechbrain/cough_audio/icbi//noise/pointsource_noises/noise-free-sound-0587.wav,wav,
noise-free-sound-0588_588,5.8026875,/u/home/s/spaceman/project-voicesafe/spapl/vijay/speechbrain/cough_audio/icbi//noise/pointsource_noises/noise-free-sound-0588.wav,wav,
noise-free-sound-0589_589,2.2465,/u/home/s/spaceman/project-voicesafe/spapl/vijay/speechbrain/cough_audio/icbi//noise/pointsource_noises/noise-free-sound-0589.wav,wav,
noise-free-sound-0590_590,3.78775,/u/home/s/spaceman/project-voicesafe/spapl/vijay/speechbrain/cough_audio/icbi//noise/pointsource_noises/noise-free-sound-0590.wav,wav,
noise-free-sound-0591_591,12.256875,/u/home/s/spaceman/project-voicesafe/spapl/vijay/speechbrain/cough_audio/icbi//noise/pointsource_noises/noise-free-sound-0591.wav,wav,
noise-free-sound-0592_592,32.875125,/u/home/s/spaceman/project-voicesafe/spapl/vijay/speechbrain/cough_audio/icbi//noise/pointsource_noises/noise-free-sound-0592.wav,wav,
noise-free-sound-0593_593,61.649,/u/home/s/spaceman/project-voicesafe/spapl/vijay/speechbrain/cough_audio/icbi//noise/pointsource_noises/noise-free-sound-0593.wav,wav,
noise-free-sound-0594_594,141.1773125,/u/home/s/spaceman/project-voicesafe/spapl/vijay/speechbrain/cough_audio/icbi//noise/pointsource_noises/noise-free-sound-0594.wav,wav,
noise-free-sound-0595_595,26.898625,/u/home/s/spaceman/project-voicesafe/spapl/vijay/speechbrain/cough_audio/icbi//noise/pointsource_noises/noise-free-sound-0595.wav,wav,
noise-free-sound-0596_596,13.33925,/u/home/s/spaceman/project-voicesafe/spapl/vijay/speechbrain/cough_audio/icbi//noise/pointsource_noises/noise-free-sound-0596.wav,wav,
noise-free-sound-0597_597,6.24325,/u/home/s/spaceman/project-voicesafe/spapl/vijay/speechbrain/cough_audio/icbi//noise/pointsource_noises/noise-free-sound-0597.wav,wav,
noise-free-sound-0598_598,57.920125,/u/home/s/spaceman/project-voicesafe/spapl/vijay/speechbrain/cough_audio/icbi//noise/pointsource_noises/noise-free-sound-0598.wav,wav,
noise-free-sound-0599_599,3.84,/u/home/s/spaceman/project-voicesafe/spapl/vijay/speechbrain/cough_audio/icbi//noise/pointsource_noises/noise-free-sound-0599.wav,wav,
noise-free-sound-0600_600,45.395,/u/home/s/spaceman/project-voicesafe/spapl/vijay/speechbrain/cough_audio/icbi//noise/pointsource_noises/noise-free-sound-0600.wav,wav,
noise-free-sound-0601_601,4.239875,/u/home/s/spaceman/project-voicesafe/spapl/vijay/speechbrain/cough_audio/icbi//noise/pointsource_noises/noise-free-sound-0601.wav,wav,
noise-free-sound-0602_602,4.125,/u/home/s/spaceman/project-voicesafe/spapl/vijay/speechbrain/cough_audio/icbi//noise/pointsource_noises/noise-free-sound-0602.wav,wav,
noise-free-sound-0603_603,7.3740625,/u/home/s/spaceman/project-voicesafe/spapl/vijay/speechbrain/cough_audio/icbi//noise/pointsource_noises/noise-free-sound-0603.wav,wav,
noise-free-sound-0604_604,7.358125,/u/home/s/spaceman/project-voicesafe/spapl/vijay/speechbrain/cough_audio/icbi//noise/pointsource_noises/noise-free-sound-0604.wav,wav,
noise-free-sound-0605_605,32.0,/u/home/s/spaceman/project-voicesafe/spapl/vijay/speechbrain/cough_audio/icbi//noise/pointsource_noises/noise-free-sound-0605.wav,wav,
noise-free-sound-0606_606,88.84,/u/home/s/spaceman/project-voicesafe/spapl/vijay/speechbrain/cough_audio/icbi//noise/pointsource_noises/noise-free-sound-0606.wav,wav,
noise-free-sound-0607_607,20.0098125,/u/home/s/spaceman/project-voicesafe/spapl/vijay/speechbrain/cough_audio/icbi//noise/pointsource_noises/noise-free-sound-0607.wav,wav,
noise-free-sound-0608_608,3.5265,/u/home/s/spaceman/project-voicesafe/spapl/vijay/speechbrain/cough_audio/icbi//noise/pointsource_noises/noise-free-sound-0608.wav,wav,
noise-free-sound-0609_609,10.161625,/u/home/s/spaceman/project-voicesafe/spapl/vijay/speechbrain/cough_audio/icbi//noise/pointsource_noises/noise-free-sound-0609.wav,wav,
noise-free-sound-0610_610,11.1804375,/u/home/s/spaceman/project-voicesafe/spapl/vijay/speechbrain/cough_audio/icbi//noise/pointsource_noises/noise-free-sound-0610.wav,wav,
noise-free-sound-0611_611,0.127,/u/home/s/spaceman/project-voicesafe/spapl/vijay/speechbrain/cough_audio/icbi//noise/pointsource_noises/noise-free-sound-0611.wav,wav,
noise-free-sound-0612_612,11.0498125,/u/home/s/spaceman/project-voicesafe/spapl/vijay/speechbrain/cough_audio/icbi//noise/pointsource_noises/noise-free-sound-0612.wav,wav,
noise-free-sound-0613_613,28.5518125,/u/home/s/spaceman/project-voicesafe/spapl/vijay/speechbrain/cough_audio/icbi//noise/pointsource_noises/noise-free-sound-0613.wav,wav,
noise-free-sound-0614_614,30.0,/u/home/s/spaceman/project-voicesafe/spapl/vijay/speechbrain/cough_audio/icbi//noise/pointsource_noises/noise-free-sound-0614.wav,wav,
noise-free-sound-0615_615,10.082875,/u/home/s/spaceman/project-voicesafe/spapl/vijay/speechbrain/cough_audio/icbi//noise/pointsource_noises/noise-free-sound-0615.wav,wav,
noise-free-sound-0616_616,22.6481875,/u/home/s/spaceman/project-voicesafe/spapl/vijay/speechbrain/cough_audio/icbi//noise/pointsource_noises/noise-free-sound-0616.wav,wav,
noise-free-sound-0617_617,8.2026875,/u/home/s/spaceman/project-voicesafe/spapl/vijay/speechbrain/cough_audio/icbi//noise/pointsource_noises/noise-free-sound-0617.wav,wav,
noise-free-sound-0618_618,3.0205625,/u/home/s/spaceman/project-voicesafe/spapl/vijay/speechbrain/cough_audio/icbi//noise/pointsource_noises/noise-free-sound-0618.wav,wav,
noise-free-sound-0619_619,0.5454375,/u/home/s/spaceman/project-voicesafe/spapl/vijay/speechbrain/cough_audio/icbi//noise/pointsource_noises/noise-free-sound-0619.wav,wav,
noise-free-sound-0620_620,11.5664375,/u/home/s/spaceman/project-voicesafe/spapl/vijay/speechbrain/cough_audio/icbi//noise/pointsource_noises/noise-free-sound-0620.wav,wav,
noise-free-sound-0621_621,6.724375,/u/home/s/spaceman/project-voicesafe/spapl/vijay/speechbrain/cough_audio/icbi//noise/pointsource_noises/noise-free-sound-0621.wav,wav,
noise-free-sound-0622_622,11.9901875,/u/home/s/spaceman/project-voicesafe/spapl/vijay/speechbrain/cough_audio/icbi//noise/pointsource_noises/noise-free-sound-0622.wav,wav,
noise-free-sound-0623_623,34.9518125,/u/home/s/spaceman/project-voicesafe/spapl/vijay/speechbrain/cough_audio/icbi//noise/pointsource_noises/noise-free-sound-0623.wav,wav,
noise-free-sound-0624_624,0.104,/u/home/s/spaceman/project-voicesafe/spapl/vijay/speechbrain/cough_audio/icbi//noise/pointsource_noises/noise-free-sound-0624.wav,wav,
noise-free-sound-0625_625,20.8195625,/u/home/s/spaceman/project-voicesafe/spapl/vijay/speechbrain/cough_audio/icbi//noise/pointsource_noises/noise-free-sound-0625.wav,wav,
noise-free-sound-0626_626,1.3235625,/u/home/s/spaceman/project-voicesafe/spapl/vijay/speechbrain/cough_audio/icbi//noise/pointsource_noises/noise-free-sound-0626.wav,wav,
noise-free-sound-0627_627,0.3135,/u/home/s/spaceman/project-voicesafe/spapl/vijay/speechbrain/cough_audio/icbi//noise/pointsource_noises/noise-free-sound-0627.wav,wav,
noise-free-sound-0628_628,29.0220625,/u/home/s/spaceman/project-voicesafe/spapl/vijay/speechbrain/cough_audio/icbi//noise/pointsource_noises/noise-free-sound-0628.wav,wav,
noise-free-sound-0629_629,3.5,/u/home/s/spaceman/project-voicesafe/spapl/vijay/speechbrain/cough_audio/icbi//noise/pointsource_noises/noise-free-sound-0629.wav,wav,
noise-free-sound-0630_630,3.1085625,/u/home/s/spaceman/project-voicesafe/spapl/vijay/speechbrain/cough_audio/icbi//noise/pointsource_noises/noise-free-sound-0630.wav,wav,
noise-free-sound-0631_631,5.6,/u/home/s/spaceman/project-voicesafe/spapl/vijay/speechbrain/cough_audio/icbi//noise/pointsource_noises/noise-free-sound-0631.wav,wav,
noise-free-sound-0632_632,2.568,/u/home/s/spaceman/project-voicesafe/spapl/vijay/speechbrain/cough_audio/icbi//noise/pointsource_noises/noise-free-sound-0632.wav,wav,
noise-free-sound-0633_633,18.272625,/u/home/s/spaceman/project-voicesafe/spapl/vijay/speechbrain/cough_audio/icbi//noise/pointsource_noises/noise-free-sound-0633.wav,wav,
noise-free-sound-0634_634,64.0,/u/home/s/spaceman/project-voicesafe/spapl/vijay/speechbrain/cough_audio/icbi//noise/pointsource_noises/noise-free-sound-0634.wav,wav,
noise-free-sound-0635_635,16.876,/u/home/s/spaceman/project-voicesafe/spapl/vijay/speechbrain/cough_audio/icbi//noise/pointsource_noises/noise-free-sound-0635.wav,wav,
noise-free-sound-0636_636,31.3991875,/u/home/s/spaceman/project-voicesafe/spapl/vijay/speechbrain/cough_audio/icbi//noise/pointsource_noises/noise-free-sound-0636.wav,wav,
noise-free-sound-0785_637,26.919875,/u/home/s/spaceman/project-voicesafe/spapl/vijay/speechbrain/cough_audio/icbi//noise/pointsource_noises/noise-free-sound-0785.wav,wav,
noise-free-sound-0637_638,14.6841875,/u/home/s/spaceman/project-voicesafe/spapl/vijay/speechbrain/cough_audio/icbi//noise/pointsource_noises/noise-free-sound-0637.wav,wav,
noise-free-sound-0638_639,5.5926875,/u/home/s/spaceman/project-voicesafe/spapl/vijay/speechbrain/cough_audio/icbi//noise/pointsource_noises/noise-free-sound-0638.wav,wav,
noise-free-sound-0639_640,6.20375,/u/home/s/spaceman/project-voicesafe/spapl/vijay/speechbrain/cough_audio/icbi//noise/pointsource_noises/noise-free-sound-0639.wav,wav,
noise-free-sound-0640_641,32.7836875,/u/home/s/spaceman/project-voicesafe/spapl/vijay/speechbrain/cough_audio/icbi//noise/pointsource_noises/noise-free-sound-0640.wav,wav,
noise-free-sound-0641_642,35.1346875,/u/home/s/spaceman/project-voicesafe/spapl/vijay/speechbrain/cough_audio/icbi//noise/pointsource_noises/noise-free-sound-0641.wav,wav,
noise-free-sound-0642_643,4.4930625,/u/home/s/spaceman/project-voicesafe/spapl/vijay/speechbrain/cough_audio/icbi//noise/pointsource_noises/noise-free-sound-0642.wav,wav,
noise-free-sound-0643_644,2.78425,/u/home/s/spaceman/project-voicesafe/spapl/vijay/speechbrain/cough_audio/icbi//noise/pointsource_noises/noise-free-sound-0643.wav,wav,
noise-free-sound-0644_645,94.5981875,/u/home/s/spaceman/project-voicesafe/spapl/vijay/speechbrain/cough_audio/icbi//noise/pointsource_noises/noise-free-sound-0644.wav,wav,
noise-free-sound-0645_646,1.7240625,/u/home/s/spaceman/project-voicesafe/spapl/vijay/speechbrain/cough_audio/icbi//noise/pointsource_noises/noise-free-sound-0645.wav,wav,
noise-free-sound-0646_647,35.813,/u/home/s/spaceman/project-voicesafe/spapl/vijay/speechbrain/cough_audio/icbi//noise/pointsource_noises/noise-free-sound-0646.wav,wav,
noise-free-sound-0647_648,60.103375,/u/home/s/spaceman/project-voicesafe/spapl/vijay/speechbrain/cough_audio/icbi//noise/pointsource_noises/noise-free-sound-0647.wav,wav,
noise-free-sound-0648_649,12.288,/u/home/s/spaceman/project-voicesafe/spapl/vijay/speechbrain/cough_audio/icbi//noise/pointsource_noises/noise-free-sound-0648.wav,wav,
noise-free-sound-0649_650,50.4279375,/u/home/s/spaceman/project-voicesafe/spapl/vijay/speechbrain/cough_audio/icbi//noise/pointsource_noises/noise-free-sound-0649.wav,wav,
noise-free-sound-0650_651,16.236,/u/home/s/spaceman/project-voicesafe/spapl/vijay/speechbrain/cough_audio/icbi//noise/pointsource_noises/noise-free-sound-0650.wav,wav,
noise-free-sound-0651_652,65.2095,/u/home/s/spaceman/project-voicesafe/spapl/vijay/speechbrain/cough_audio/icbi//noise/pointsource_noises/noise-free-sound-0651.wav,wav,
noise-free-sound-0652_653,5.69925,/u/home/s/spaceman/project-voicesafe/spapl/vijay/speechbrain/cough_audio/icbi//noise/pointsource_noises/noise-free-sound-0652.wav,wav,
noise-free-sound-0653_654,29.125,/u/home/s/spaceman/project-voicesafe/spapl/vijay/speechbrain/cough_audio/icbi//noise/pointsource_noises/noise-free-sound-0653.wav,wav,
noise-free-sound-0654_655,5.9820625,/u/home/s/spaceman/project-voicesafe/spapl/vijay/speechbrain/cough_audio/icbi//noise/pointsource_noises/noise-free-sound-0654.wav,wav,
noise-free-sound-0655_656,21.34,/u/home/s/spaceman/project-voicesafe/spapl/vijay/speechbrain/cough_audio/icbi//noise/pointsource_noises/noise-free-sound-0655.wav,wav,
noise-free-sound-0656_657,4.884875,/u/home/s/spaceman/project-voicesafe/spapl/vijay/speechbrain/cough_audio/icbi//noise/pointsource_noises/noise-free-sound-0656.wav,wav,
noise-free-sound-0657_658,9.6670625,/u/home/s/spaceman/project-voicesafe/spapl/vijay/speechbrain/cough_audio/icbi//noise/pointsource_noises/noise-free-sound-0657.wav,wav,
noise-free-sound-0658_659,19.0,/u/home/s/spaceman/project-voicesafe/spapl/vijay/speechbrain/cough_audio/icbi//noise/pointsource_noises/noise-free-sound-0658.wav,wav,
noise-free-sound-0659_660,11.1241875,/u/home/s/spaceman/project-voicesafe/spapl/vijay/speechbrain/cough_audio/icbi//noise/pointsource_noises/noise-free-sound-0659.wav,wav,
noise-free-sound-0660_661,41.8373125,/u/home/s/spaceman/project-voicesafe/spapl/vijay/speechbrain/cough_audio/icbi//noise/pointsource_noises/noise-free-sound-0660.wav,wav,
noise-free-sound-0661_662,35.5150625,/u/home/s/spaceman/project-voicesafe/spapl/vijay/speechbrain/cough_audio/icbi//noise/pointsource_noises/noise-free-sound-0661.wav,wav,
noise-free-sound-0662_663,1.410625,/u/home/s/spaceman/project-voicesafe/spapl/vijay/speechbrain/cough_audio/icbi//noise/pointsource_noises/noise-free-sound-0662.wav,wav,
noise-free-sound-0663_664,29.3544375,/u/home/s/spaceman/project-voicesafe/spapl/vijay/speechbrain/cough_audio/icbi//noise/pointsource_noises/noise-free-sound-0663.wav,wav,
noise-free-sound-0664_665,15.647375,/u/home/s/spaceman/project-voicesafe/spapl/vijay/speechbrain/cough_audio/icbi//noise/pointsource_noises/noise-free-sound-0664.wav,wav,
noise-free-sound-0665_666,17.2669375,/u/home/s/spaceman/project-voicesafe/spapl/vijay/speechbrain/cough_audio/icbi//noise/pointsource_noises/noise-free-sound-0665.wav,wav,
noise-free-sound-0666_667,13.685625,/u/home/s/spaceman/project-voicesafe/spapl/vijay/speechbrain/cough_audio/icbi//noise/pointsource_noises/noise-free-sound-0666.wav,wav,
noise-free-sound-0667_668,13.7598125,/u/home/s/spaceman/project-voicesafe/spapl/vijay/speechbrain/cough_audio/icbi//noise/pointsource_noises/noise-free-sound-0667.wav,wav,
noise-free-sound-0668_669,4.022875,/u/home/s/spaceman/project-voicesafe/spapl/vijay/speechbrain/cough_audio/icbi//noise/pointsource_noises/noise-free-sound-0668.wav,wav,
noise-free-sound-0669_670,4.022875,/u/home/s/spaceman/project-voicesafe/spapl/vijay/speechbrain/cough_audio/icbi//noise/pointsource_noises/noise-free-sound-0669.wav,wav,
noise-free-sound-0670_671,4.7600625,/u/home/s/spaceman/project-voicesafe/spapl/vijay/speechbrain/cough_audio/icbi//noise/pointsource_noises/noise-free-sound-0670.wav,wav,
noise-free-sound-0671_672,70.191,/u/home/s/spaceman/project-voicesafe/spapl/vijay/speechbrain/cough_audio/icbi//noise/pointsource_noises/noise-free-sound-0671.wav,wav,
noise-free-sound-0672_673,6.2955,/u/home/s/spaceman/project-voicesafe/spapl/vijay/speechbrain/cough_audio/icbi//noise/pointsource_noises/noise-free-sound-0672.wav,wav,
noise-free-sound-0673_674,3.8298125,/u/home/s/spaceman/project-voicesafe/spapl/vijay/speechbrain/cough_audio/icbi//noise/pointsource_noises/noise-free-sound-0673.wav,wav,
noise-free-sound-0674_675,31.131875,/u/home/s/spaceman/project-voicesafe/spapl/vijay/speechbrain/cough_audio/icbi//noise/pointsource_noises/noise-free-sound-0674.wav,wav,
noise-free-sound-0675_676,8.7690625,/u/home/s/spaceman/project-voicesafe/spapl/vijay/speechbrain/cough_audio/icbi//noise/pointsource_noises/noise-free-sound-0675.wav,wav,
noise-free-sound-0676_677,2.1630625,/u/home/s/spaceman/project-voicesafe/spapl/vijay/speechbrain/cough_audio/icbi//noise/pointsource_noises/noise-free-sound-0676.wav,wav,
noise-free-sound-0677_678,107.76,/u/home/s/spaceman/project-voicesafe/spapl/vijay/speechbrain/cough_audio/icbi//noise/pointsource_noises/noise-free-sound-0677.wav,wav,
noise-free-sound-0678_679,2.0636875,/u/home/s/spaceman/project-voicesafe/spapl/vijay/speechbrain/cough_audio/icbi//noise/pointsource_noises/noise-free-sound-0678.wav,wav,
noise-free-sound-0679_680,22.0,/u/home/s/spaceman/project-voicesafe/spapl/vijay/speechbrain/cough_audio/icbi//noise/pointsource_noises/noise-free-sound-0679.wav,wav,
noise-free-sound-0680_681,14.568,/u/home/s/spaceman/project-voicesafe/spapl/vijay/speechbrain/cough_audio/icbi//noise/pointsource_noises/noise-free-sound-0680.wav,wav,
noise-free-sound-0681_682,96.7053125,/u/home/s/spaceman/project-voicesafe/spapl/vijay/speechbrain/cough_audio/icbi//noise/pointsource_noises/noise-free-sound-0681.wav,wav,
noise-free-sound-0682_683,18.18125,/u/home/s/spaceman/project-voicesafe/spapl/vijay/speechbrain/cough_audio/icbi//noise/pointsource_noises/noise-free-sound-0682.wav,wav,
noise-free-sound-0683_684,27.616,/u/home/s/spaceman/project-voicesafe/spapl/vijay/speechbrain/cough_audio/icbi//noise/pointsource_noises/noise-free-sound-0683.wav,wav,
noise-free-sound-0684_685,139.00625,/u/home/s/spaceman/project-voicesafe/spapl/vijay/speechbrain/cough_audio/icbi//noise/pointsource_noises/noise-free-sound-0684.wav,wav,
noise-free-sound-0685_686,43.8785625,/u/home/s/spaceman/project-voicesafe/spapl/vijay/speechbrain/cough_audio/icbi//noise/pointsource_noises/noise-free-sound-0685.wav,wav,
noise-free-sound-0686_687,15.6038125,/u/home/s/spaceman/project-voicesafe/spapl/vijay/speechbrain/cough_audio/icbi//noise/pointsource_noises/noise-free-sound-0686.wav,wav,
noise-free-sound-0687_688,20.8020625,/u/home/s/spaceman/project-voicesafe/spapl/vijay/speechbrain/cough_audio/icbi//noise/pointsource_noises/noise-free-sound-0687.wav,wav,
noise-free-sound-0688_689,19.25225,/u/home/s/spaceman/project-voicesafe/spapl/vijay/speechbrain/cough_audio/icbi//noise/pointsource_noises/noise-free-sound-0688.wav,wav,
noise-free-sound-0689_690,1.05,/u/home/s/spaceman/project-voicesafe/spapl/vijay/speechbrain/cough_audio/icbi//noise/pointsource_noises/noise-free-sound-0689.wav,wav,
noise-free-sound-0690_691,5.2053125,/u/home/s/spaceman/project-voicesafe/spapl/vijay/speechbrain/cough_audio/icbi//noise/pointsource_noises/noise-free-sound-0690.wav,wav,
noise-free-sound-0691_692,10.0693125,/u/home/s/spaceman/project-voicesafe/spapl/vijay/speechbrain/cough_audio/icbi//noise/pointsource_noises/noise-free-sound-0691.wav,wav,
noise-free-sound-0692_693,0.927875,/u/home/s/spaceman/project-voicesafe/spapl/vijay/speechbrain/cough_audio/icbi//noise/pointsource_noises/noise-free-sound-0692.wav,wav,
noise-free-sound-0693_694,1.410625,/u/home/s/spaceman/project-voicesafe/spapl/vijay/speechbrain/cough_audio/icbi//noise/pointsource_noises/noise-free-sound-0693.wav,wav,
noise-free-sound-0694_695,19.8465,/u/home/s/spaceman/project-voicesafe/spapl/vijay/speechbrain/cough_audio/icbi//noise/pointsource_noises/noise-free-sound-0694.wav,wav,
noise-free-sound-0695_696,9.4238125,/u/home/s/spaceman/project-voicesafe/spapl/vijay/speechbrain/cough_audio/icbi//noise/pointsource_noises/noise-free-sound-0695.wav,wav,
noise-free-sound-0696_697,29.570625,/u/home/s/spaceman/project-voicesafe/spapl/vijay/speechbrain/cough_audio/icbi//noise/pointsource_noises/noise-free-sound-0696.wav,wav,
noise-free-sound-0697_698,6.112625,/u/home/s/spaceman/project-voicesafe/spapl/vijay/speechbrain/cough_audio/icbi//noise/pointsource_noises/noise-free-sound-0697.wav,wav,
noise-free-sound-0698_699,76.168875,/u/home/s/spaceman/project-voicesafe/spapl/vijay/speechbrain/cough_audio/icbi//noise/pointsource_noises/noise-free-sound-0698.wav,wav,
noise-free-sound-0699_700,119.5101875,/u/home/s/spaceman/project-voicesafe/spapl/vijay/speechbrain/cough_audio/icbi//noise/pointsource_noises/noise-free-sound-0699.wav,wav,
noise-free-sound-0700_701,41.04,/u/home/s/spaceman/project-voicesafe/spapl/vijay/speechbrain/cough_audio/icbi//noise/pointsource_noises/noise-free-sound-0700.wav,wav,
noise-free-sound-0701_702,6.057625,/u/home/s/spaceman/project-voicesafe/spapl/vijay/speechbrain/cough_audio/icbi//noise/pointsource_noises/noise-free-sound-0701.wav,wav,
noise-free-sound-0702_703,21.81225,/u/home/s/spaceman/project-voicesafe/spapl/vijay/speechbrain/cough_audio/icbi//noise/pointsource_noises/noise-free-sound-0702.wav,wav,
noise-free-sound-0703_704,8.1930625,/u/home/s/spaceman/project-voicesafe/spapl/vijay/speechbrain/cough_audio/icbi//noise/pointsource_noises/noise-free-sound-0703.wav,wav,
noise-free-sound-0704_705,20.16,/u/home/s/spaceman/project-voicesafe/spapl/vijay/speechbrain/cough_audio/icbi//noise/pointsource_noises/noise-free-sound-0704.wav,wav,
noise-free-sound-0705_706,11.3306875,/u/home/s/spaceman/project-voicesafe/spapl/vijay/speechbrain/cough_audio/icbi//noise/pointsource_noises/noise-free-sound-0705.wav,wav,
noise-free-sound-0706_707,28.290625,/u/home/s/spaceman/project-voicesafe/spapl/vijay/speechbrain/cough_audio/icbi//noise/pointsource_noises/noise-free-sound-0706.wav,wav,
noise-free-sound-0707_708,40.0718125,/u/home/s/spaceman/project-voicesafe/spapl/vijay/speechbrain/cough_audio/icbi//noise/pointsource_noises/noise-free-sound-0707.wav,wav,
noise-free-sound-0708_709,63.0595625,/u/home/s/spaceman/project-voicesafe/spapl/vijay/speechbrain/cough_audio/icbi//noise/pointsource_noises/noise-free-sound-0708.wav,wav,
noise-free-sound-0709_710,31.85775,/u/home/s/spaceman/project-voicesafe/spapl/vijay/speechbrain/cough_audio/icbi//noise/pointsource_noises/noise-free-sound-0709.wav,wav,
noise-free-sound-0710_711,45.7404375,/u/home/s/spaceman/project-voicesafe/spapl/vijay/speechbrain/cough_audio/icbi//noise/pointsource_noises/noise-free-sound-0710.wav,wav,
noise-free-sound-0711_712,0.3926875,/u/home/s/spaceman/project-voicesafe/spapl/vijay/speechbrain/cough_audio/icbi//noise/pointsource_noises/noise-free-sound-0711.wav,wav,
noise-free-sound-0712_713,2.847375,/u/home/s/spaceman/project-voicesafe/spapl/vijay/speechbrain/cough_audio/icbi//noise/pointsource_noises/noise-free-sound-0712.wav,wav,
noise-free-sound-0713_714,1.6979375,/u/home/s/spaceman/project-voicesafe/spapl/vijay/speechbrain/cough_audio/icbi//noise/pointsource_noises/noise-free-sound-0713.wav,wav,
noise-free-sound-0714_715,1.12325,/u/home/s/spaceman/project-voicesafe/spapl/vijay/speechbrain/cough_audio/icbi//noise/pointsource_noises/noise-free-sound-0714.wav,wav,
noise-free-sound-0715_716,60.0555,/u/home/s/spaceman/project-voicesafe/spapl/vijay/speechbrain/cough_audio/icbi//noise/pointsource_noises/noise-free-sound-0715.wav,wav,
noise-free-sound-0716_717,0.624,/u/home/s/spaceman/project-voicesafe/spapl/vijay/speechbrain/cough_audio/icbi//noise/pointsource_noises/noise-free-sound-0716.wav,wav,
noise-free-sound-0717_718,5.9820625,/u/home/s/spaceman/project-voicesafe/spapl/vijay/speechbrain/cough_audio/icbi//noise/pointsource_noises/noise-free-sound-0717.wav,wav,
noise-free-sound-0718_719,13.035125,/u/home/s/spaceman/project-voicesafe/spapl/vijay/speechbrain/cough_audio/icbi//noise/pointsource_noises/noise-free-sound-0718.wav,wav,
noise-free-sound-0719_720,7.0008125,/u/home/s/spaceman/project-voicesafe/spapl/vijay/speechbrain/cough_audio/icbi//noise/pointsource_noises/noise-free-sound-0719.wav,wav,
noise-free-sound-0720_721,10.7363125,/u/home/s/spaceman/project-voicesafe/spapl/vijay/speechbrain/cough_audio/icbi//noise/pointsource_noises/noise-free-sound-0720.wav,wav,
noise-free-sound-0721_722,9.03,/u/home/s/spaceman/project-voicesafe/spapl/vijay/speechbrain/cough_audio/icbi//noise/pointsource_noises/noise-free-sound-0721.wav,wav,
noise-free-sound-0722_723,7.77,/u/home/s/spaceman/project-voicesafe/spapl/vijay/speechbrain/cough_audio/icbi//noise/pointsource_noises/noise-free-sound-0722.wav,wav,
noise-free-sound-0723_724,89.721875,/u/home/s/spaceman/project-voicesafe/spapl/vijay/speechbrain/cough_audio/icbi//noise/pointsource_noises/noise-free-sound-0723.wav,wav,
noise-free-sound-0724_725,0.9109375,/u/home/s/spaceman/project-voicesafe/spapl/vijay/speechbrain/cough_audio/icbi//noise/pointsource_noises/noise-free-sound-0724.wav,wav,
noise-free-sound-0725_726,33.2295625,/u/home/s/spaceman/project-voicesafe/spapl/vijay/speechbrain/cough_audio/icbi//noise/pointsource_noises/noise-free-sound-0725.wav,wav,
noise-free-sound-0726_727,120.0138125,/u/home/s/spaceman/project-voicesafe/spapl/vijay/speechbrain/cough_audio/icbi//noise/pointsource_noises/noise-free-sound-0726.wav,wav,
noise-free-sound-0727_728,29.022,/u/home/s/spaceman/project-voicesafe/spapl/vijay/speechbrain/cough_audio/icbi//noise/pointsource_noises/noise-free-sound-0727.wav,wav,
noise-free-sound-0728_729,123.84,/u/home/s/spaceman/project-voicesafe/spapl/vijay/speechbrain/cough_audio/icbi//noise/pointsource_noises/noise-free-sound-0728.wav,wav,
noise-free-sound-0729_730,187.14125,/u/home/s/spaceman/project-voicesafe/spapl/vijay/speechbrain/cough_audio/icbi//noise/pointsource_noises/noise-free-sound-0729.wav,wav,
noise-free-sound-0730_731,1.489,/u/home/s/spaceman/project-voicesafe/spapl/vijay/speechbrain/cough_audio/icbi//noise/pointsource_noises/noise-free-sound-0730.wav,wav,
noise-free-sound-0731_732,1.43675,/u/home/s/spaceman/project-voicesafe/spapl/vijay/speechbrain/cough_audio/icbi//noise/pointsource_noises/noise-free-sound-0731.wav,wav,
noise-free-sound-0732_733,31.73875,/u/home/s/spaceman/project-voicesafe/spapl/vijay/speechbrain/cough_audio/icbi//noise/pointsource_noises/noise-free-sound-0732.wav,wav,
noise-free-sound-0733_734,31.94775,/u/home/s/spaceman/project-voicesafe/spapl/vijay/speechbrain/cough_audio/icbi//noise/pointsource_noises/noise-free-sound-0733.wav,wav,
noise-free-sound-0734_735,21.1591875,/u/home/s/spaceman/project-voicesafe/spapl/vijay/speechbrain/cough_audio/icbi//noise/pointsource_noises/noise-free-sound-0734.wav,wav,
noise-free-sound-0735_736,21.81225,/u/home/s/spaceman/project-voicesafe/spapl/vijay/speechbrain/cough_audio/icbi//noise/pointsource_noises/noise-free-sound-0735.wav,wav,
noise-free-sound-0736_737,0.9194375,/u/home/s/spaceman/project-voicesafe/spapl/vijay/speechbrain/cough_audio/icbi//noise/pointsource_noises/noise-free-sound-0736.wav,wav,
noise-free-sound-0737_738,4.8469375,/u/home/s/spaceman/project-voicesafe/spapl/vijay/speechbrain/cough_audio/icbi//noise/pointsource_noises/noise-free-sound-0737.wav,wav,
noise-free-sound-0738_739,27.89875,/u/home/s/spaceman/project-voicesafe/spapl/vijay/speechbrain/cough_audio/icbi//noise/pointsource_noises/noise-free-sound-0738.wav,wav,
noise-free-sound-0739_740,19.224,/u/home/s/spaceman/project-voicesafe/spapl/vijay/speechbrain/cough_audio/icbi//noise/pointsource_noises/noise-free-sound-0739.wav,wav,
noise-free-sound-0740_741,64.0714375,/u/home/s/spaceman/project-voicesafe/spapl/vijay/speechbrain/cough_audio/icbi//noise/pointsource_noises/noise-free-sound-0740.wav,wav,
noise-free-sound-0741_742,18.696,/u/home/s/spaceman/project-voicesafe/spapl/vijay/speechbrain/cough_audio/icbi//noise/pointsource_noises/noise-free-sound-0741.wav,wav,
noise-free-sound-0742_743,22.5436875,/u/home/s/spaceman/project-voicesafe/spapl/vijay/speechbrain/cough_audio/icbi//noise/pointsource_noises/noise-free-sound-0742.wav,wav,
noise-free-sound-0743_744,43.9640625,/u/home/s/spaceman/project-voicesafe/spapl/vijay/speechbrain/cough_audio/icbi//noise/pointsource_noises/noise-free-sound-0743.wav,wav,
noise-free-sound-0744_745,1.044875,/u/home/s/spaceman/project-voicesafe/spapl/vijay/speechbrain/cough_audio/icbi//noise/pointsource_noises/noise-free-sound-0744.wav,wav,
noise-free-sound-0745_746,4.7333125,/u/home/s/spaceman/project-voicesafe/spapl/vijay/speechbrain/cough_audio/icbi//noise/pointsource_noises/noise-free-sound-0745.wav,wav,
noise-free-sound-0746_747,0.227,/u/home/s/spaceman/project-voicesafe/spapl/vijay/speechbrain/cough_audio/icbi//noise/pointsource_noises/noise-free-sound-0746.wav,wav,
noise-free-sound-0747_748,17.4236875,/u/home/s/spaceman/project-voicesafe/spapl/vijay/speechbrain/cough_audio/icbi//noise/pointsource_noises/noise-free-sound-0747.wav,wav,
noise-free-sound-0748_749,5.64,/u/home/s/spaceman/project-voicesafe/spapl/vijay/speechbrain/cough_audio/icbi//noise/pointsource_noises/noise-free-sound-0748.wav,wav,
noise-free-sound-0749_750,1.0,/u/home/s/spaceman/project-voicesafe/spapl/vijay/speechbrain/cough_audio/icbi//noise/pointsource_noises/noise-free-sound-0749.wav,wav,
noise-free-sound-0750_751,5.4595625,/u/home/s/spaceman/project-voicesafe/spapl/vijay/speechbrain/cough_audio/icbi//noise/pointsource_noises/noise-free-sound-0750.wav,wav,
noise-free-sound-0751_752,1.446375,/u/home/s/spaceman/project-voicesafe/spapl/vijay/speechbrain/cough_audio/icbi//noise/pointsource_noises/noise-free-sound-0751.wav,wav,
noise-free-sound-0752_753,33.6083125,/u/home/s/spaceman/project-voicesafe/spapl/vijay/speechbrain/cough_audio/icbi//noise/pointsource_noises/noise-free-sound-0752.wav,wav,
noise-free-sound-0753_754,24.696,/u/home/s/spaceman/project-voicesafe/spapl/vijay/speechbrain/cough_audio/icbi//noise/pointsource_noises/noise-free-sound-0753.wav,wav,
noise-free-sound-0754_755,80.72325,/u/home/s/spaceman/project-voicesafe/spapl/vijay/speechbrain/cough_audio/icbi//noise/pointsource_noises/noise-free-sound-0754.wav,wav,
noise-free-sound-0755_756,14.4195625,/u/home/s/spaceman/project-voicesafe/spapl/vijay/speechbrain/cough_audio/icbi//noise/pointsource_noises/noise-free-sound-0755.wav,wav,
noise-free-sound-0756_757,4.15875,/u/home/s/spaceman/project-voicesafe/spapl/vijay/speechbrain/cough_audio/icbi//noise/pointsource_noises/noise-free-sound-0756.wav,wav,
noise-free-sound-0757_758,13.7665,/u/home/s/spaceman/project-voicesafe/spapl/vijay/speechbrain/cough_audio/icbi//noise/pointsource_noises/noise-free-sound-0757.wav,wav,
noise-free-sound-0758_759,12.644375,/u/home/s/spaceman/project-voicesafe/spapl/vijay/speechbrain/cough_audio/icbi//noise/pointsource_noises/noise-free-sound-0758.wav,wav,
noise-free-sound-0759_760,2.731375,/u/home/s/spaceman/project-voicesafe/spapl/vijay/speechbrain/cough_audio/icbi//noise/pointsource_noises/noise-free-sound-0759.wav,wav,
noise-free-sound-0760_761,0.6233125,/u/home/s/spaceman/project-voicesafe/spapl/vijay/speechbrain/cough_audio/icbi//noise/pointsource_noises/noise-free-sound-0760.wav,wav,
noise-free-sound-0761_762,32.3990625,/u/home/s/spaceman/project-voicesafe/spapl/vijay/speechbrain/cough_audio/icbi//noise/pointsource_noises/noise-free-sound-0761.wav,wav,
noise-free-sound-0762_763,12.8,/u/home/s/spaceman/project-voicesafe/spapl/vijay/speechbrain/cough_audio/icbi//noise/pointsource_noises/noise-free-sound-0762.wav,wav,
noise-free-sound-0763_764,20.491625,/u/home/s/spaceman/project-voicesafe/spapl/vijay/speechbrain/cough_audio/icbi//noise/pointsource_noises/noise-free-sound-0763.wav,wav,
noise-free-sound-0764_765,0.0645625,/u/home/s/spaceman/project-voicesafe/spapl/vijay/speechbrain/cough_audio/icbi//noise/pointsource_noises/noise-free-sound-0764.wav,wav,
noise-free-sound-0765_766,0.20275,/u/home/s/spaceman/project-voicesafe/spapl/vijay/speechbrain/cough_audio/icbi//noise/pointsource_noises/noise-free-sound-0765.wav,wav,
noise-free-sound-0766_767,0.026125,/u/home/s/spaceman/project-voicesafe/spapl/vijay/speechbrain/cough_audio/icbi//noise/pointsource_noises/noise-free-sound-0766.wav,wav,
noise-free-sound-0768_768,0.4229375,/u/home/s/spaceman/project-voicesafe/spapl/vijay/speechbrain/cough_audio/icbi//noise/pointsource_noises/noise-free-sound-0768.wav,wav,
noise-free-sound-0769_769,25.761625,/u/home/s/spaceman/project-voicesafe/spapl/vijay/speechbrain/cough_audio/icbi//noise/pointsource_noises/noise-free-sound-0769.wav,wav,
noise-free-sound-0770_770,55.5624375,/u/home/s/spaceman/project-voicesafe/spapl/vijay/speechbrain/cough_audio/icbi//noise/pointsource_noises/noise-free-sound-0770.wav,wav,
noise-free-sound-0771_771,3.1579375,/u/home/s/spaceman/project-voicesafe/spapl/vijay/speechbrain/cough_audio/icbi//noise/pointsource_noises/noise-free-sound-0771.wav,wav,
noise-free-sound-0772_772,4.6535625,/u/home/s/spaceman/project-voicesafe/spapl/vijay/speechbrain/cough_audio/icbi//noise/pointsource_noises/noise-free-sound-0772.wav,wav,
noise-free-sound-0773_773,9.045375,/u/home/s/spaceman/project-voicesafe/spapl/vijay/speechbrain/cough_audio/icbi//noise/pointsource_noises/noise-free-sound-0773.wav,wav,
noise-free-sound-0774_774,3.1471875,/u/home/s/spaceman/project-voicesafe/spapl/vijay/speechbrain/cough_audio/icbi//noise/pointsource_noises/noise-free-sound-0774.wav,wav,
noise-free-sound-0775_775,29.5101875,/u/home/s/spaceman/project-voicesafe/spapl/vijay/speechbrain/cough_audio/icbi//noise/pointsource_noises/noise-free-sound-0775.wav,wav,
noise-free-sound-0776_776,15.661875,/u/home/s/spaceman/project-voicesafe/spapl/vijay/speechbrain/cough_audio/icbi//noise/pointsource_noises/noise-free-sound-0776.wav,wav,
noise-free-sound-0777_777,6.9224375,/u/home/s/spaceman/project-voicesafe/spapl/vijay/speechbrain/cough_audio/icbi//noise/pointsource_noises/noise-free-sound-0777.wav,wav,
noise-free-sound-0778_778,18.2613125,/u/home/s/spaceman/project-voicesafe/spapl/vijay/speechbrain/cough_audio/icbi//noise/pointsource_noises/noise-free-sound-0778.wav,wav,
noise-free-sound-0779_779,12.512625,/u/home/s/spaceman/project-voicesafe/spapl/vijay/speechbrain/cough_audio/icbi//noise/pointsource_noises/noise-free-sound-0779.wav,wav,
noise-free-sound-0780_780,30.2759375,/u/home/s/spaceman/project-voicesafe/spapl/vijay/speechbrain/cough_audio/icbi//noise/pointsource_noises/noise-free-sound-0780.wav,wav,
noise-free-sound-0781_781,60.7200625,/u/home/s/spaceman/project-voicesafe/spapl/vijay/speechbrain/cough_audio/icbi//noise/pointsource_noises/noise-free-sound-0781.wav,wav,
noise-free-sound-0782_782,9.8986875,/u/home/s/spaceman/project-voicesafe/spapl/vijay/speechbrain/cough_audio/icbi//noise/pointsource_noises/noise-free-sound-0782.wav,wav,
noise-free-sound-0783_783,8.614625,/u/home/s/spaceman/project-voicesafe/spapl/vijay/speechbrain/cough_audio/icbi//noise/pointsource_noises/noise-free-sound-0783.wav,wav,
noise-free-sound-0784_784,35.8040625,/u/home/s/spaceman/project-voicesafe/spapl/vijay/speechbrain/cough_audio/icbi//noise/pointsource_noises/noise-free-sound-0784.wav,wav,
noise-free-sound-0786_785,19.8,/u/home/s/spaceman/project-voicesafe/spapl/vijay/speechbrain/cough_audio/icbi//noise/pointsource_noises/noise-free-sound-0786.wav,wav,
noise-free-sound-0787_786,34.9853125,/u/home/s/spaceman/project-voicesafe/spapl/vijay/speechbrain/cough_audio/icbi//noise/pointsource_noises/noise-free-sound-0787.wav,wav,
noise-free-sound-0788_787,34.8718125,/u/home/s/spaceman/project-voicesafe/spapl/vijay/speechbrain/cough_audio/icbi//noise/pointsource_noises/noise-free-sound-0788.wav,wav,
noise-free-sound-0789_788,8.8515,/u/home/s/spaceman/project-voicesafe/spapl/vijay/speechbrain/cough_audio/icbi//noise/pointsource_noises/noise-free-sound-0789.wav,wav,
noise-free-sound-0790_789,16.138125,/u/home/s/spaceman/project-voicesafe/spapl/vijay/speechbrain/cough_audio/icbi//noise/pointsource_noises/noise-free-sound-0790.wav,wav,
noise-free-sound-0791_790,9.0,/u/home/s/spaceman/project-voicesafe/spapl/vijay/speechbrain/cough_audio/icbi//noise/pointsource_noises/noise-free-sound-0791.wav,wav,
noise-free-sound-0792_791,41.5869375,/u/home/s/spaceman/project-voicesafe/spapl/vijay/speechbrain/cough_audio/icbi//noise/pointsource_noises/noise-free-sound-0792.wav,wav,
noise-free-sound-0793_792,9.4301875,/u/home/s/spaceman/project-voicesafe/spapl/vijay/speechbrain/cough_audio/icbi//noise/pointsource_noises/noise-free-sound-0793.wav,wav,
noise-free-sound-0794_793,4.434125,/u/home/s/spaceman/project-voicesafe/spapl/vijay/speechbrain/cough_audio/icbi//noise/pointsource_noises/noise-free-sound-0794.wav,wav,
noise-free-sound-0795_794,45.814125,/u/home/s/spaceman/project-voicesafe/spapl/vijay/speechbrain/cough_audio/icbi//noise/pointsource_noises/noise-free-sound-0795.wav,wav,
noise-free-sound-0796_795,10.24,/u/home/s/spaceman/project-voicesafe/spapl/vijay/speechbrain/cough_audio/icbi//noise/pointsource_noises/noise-free-sound-0796.wav,wav,
noise-free-sound-0797_796,16.384,/u/home/s/spaceman/project-voicesafe/spapl/vijay/speechbrain/cough_audio/icbi//noise/pointsource_noises/noise-free-sound-0797.wav,wav,
noise-free-sound-0798_797,12.9706875,/u/home/s/spaceman/project-voicesafe/spapl/vijay/speechbrain/cough_audio/icbi//noise/pointsource_noises/noise-free-sound-0798.wav,wav,
noise-free-sound-0799_798,5.6319375,/u/home/s/spaceman/project-voicesafe/spapl/vijay/speechbrain/cough_audio/icbi//noise/pointsource_noises/noise-free-sound-0799.wav,wav,
noise-free-sound-0800_799,9.6,/u/home/s/spaceman/project-voicesafe/spapl/vijay/speechbrain/cough_audio/icbi//noise/pointsource_noises/noise-free-sound-0800.wav,wav,
noise-free-sound-0801_800,6.01075,/u/home/s/spaceman/project-voicesafe/spapl/vijay/speechbrain/cough_audio/icbi//noise/pointsource_noises/noise-free-sound-0801.wav,wav,
noise-free-sound-0802_801,5.1245,/u/home/s/spaceman/project-voicesafe/spapl/vijay/speechbrain/cough_audio/icbi//noise/pointsource_noises/noise-free-sound-0802.wav,wav,
noise-free-sound-0803_802,14.02775,/u/home/s/spaceman/project-voicesafe/spapl/vijay/speechbrain/cough_audio/icbi//noise/pointsource_noises/noise-free-sound-0803.wav,wav,
noise-free-sound-0804_803,59.6985,/u/home/s/spaceman/project-voicesafe/spapl/vijay/speechbrain/cough_audio/icbi//noise/pointsource_noises/noise-free-sound-0804.wav,wav,
noise-free-sound-0805_804,15.16,/u/home/s/spaceman/project-voicesafe/spapl/vijay/speechbrain/cough_audio/icbi//noise/pointsource_noises/noise-free-sound-0805.wav,wav,
noise-free-sound-0806_805,11.78125,/u/home/s/spaceman/project-voicesafe/spapl/vijay/speechbrain/cough_audio/icbi//noise/pointsource_noises/noise-free-sound-0806.wav,wav,
noise-free-sound-0807_806,4.10125,/u/home/s/spaceman/project-voicesafe/spapl/vijay/speechbrain/cough_audio/icbi//noise/pointsource_noises/noise-free-sound-0807.wav,wav,
noise-free-sound-0808_807,1.6979375,/u/home/s/spaceman/project-voicesafe/spapl/vijay/speechbrain/cough_audio/icbi//noise/pointsource_noises/noise-free-sound-0808.wav,wav,
noise-free-sound-0809_808,25.1298125,/u/home/s/spaceman/project-voicesafe/spapl/vijay/speechbrain/cough_audio/icbi//noise/pointsource_noises/noise-free-sound-0809.wav,wav,
noise-free-sound-0810_809,4.008375,/u/home/s/spaceman/project-voicesafe/spapl/vijay/speechbrain/cough_audio/icbi//noise/pointsource_noises/noise-free-sound-0810.wav,wav,
noise-free-sound-0811_810,7.9760625,/u/home/s/spaceman/project-voicesafe/spapl/vijay/speechbrain/cough_audio/icbi//noise/pointsource_noises/noise-free-sound-0811.wav,wav,
noise-free-sound-0812_811,12.198,/u/home/s/spaceman/project-voicesafe/spapl/vijay/speechbrain/cough_audio/icbi//noise/pointsource_noises/noise-free-sound-0812.wav,wav,
noise-free-sound-0813_812,78.8018125,/u/home/s/spaceman/project-voicesafe/spapl/vijay/speechbrain/cough_audio/icbi//noise/pointsource_noises/noise-free-sound-0813.wav,wav,
noise-free-sound-0814_813,15.661625,/u/home/s/spaceman/project-voicesafe/spapl/vijay/speechbrain/cough_audio/icbi//noise/pointsource_noises/noise-free-sound-0814.wav,wav,
noise-free-sound-0815_814,2.4718125,/u/home/s/spaceman/project-voicesafe/spapl/vijay/speechbrain/cough_audio/icbi//noise/pointsource_noises/noise-free-sound-0815.wav,wav,
noise-free-sound-0816_815,1.324625,/u/home/s/spaceman/project-voicesafe/spapl/vijay/speechbrain/cough_audio/icbi//noise/pointsource_noises/noise-free-sound-0816.wav,wav,
noise-free-sound-0817_816,1.6123125,/u/home/s/spaceman/project-voicesafe/spapl/vijay/speechbrain/cough_audio/icbi//noise/pointsource_noises/noise-free-sound-0817.wav,wav,
noise-free-sound-0818_817,57.678375,/u/home/s/spaceman/project-voicesafe/spapl/vijay/speechbrain/cough_audio/icbi//noise/pointsource_noises/noise-free-sound-0818.wav,wav,
noise-free-sound-0819_818,109.9043125,/u/home/s/spaceman/project-voicesafe/spapl/vijay/speechbrain/cough_audio/icbi//noise/pointsource_noises/noise-free-sound-0819.wav,wav,
noise-free-sound-0820_819,18.450875,/u/home/s/spaceman/project-voicesafe/spapl/vijay/speechbrain/cough_audio/icbi//noise/pointsource_noises/noise-free-sound-0820.wav,wav,
noise-free-sound-0821_820,3.3436875,/u/home/s/spaceman/project-voicesafe/spapl/vijay/speechbrain/cough_audio/icbi//noise/pointsource_noises/noise-free-sound-0821.wav,wav,
noise-free-sound-0822_821,4.989375,/u/home/s/spaceman/project-voicesafe/spapl/vijay/speechbrain/cough_audio/icbi//noise/pointsource_noises/noise-free-sound-0822.wav,wav,
noise-free-sound-0823_822,2.749125,/u/home/s/spaceman/project-voicesafe/spapl/vijay/speechbrain/cough_audio/icbi//noise/pointsource_noises/noise-free-sound-0823.wav,wav,
noise-free-sound-0824_823,33.12325,/u/home/s/spaceman/project-voicesafe/spapl/vijay/speechbrain/cough_audio/icbi//noise/pointsource_noises/noise-free-sound-0824.wav,wav,
noise-free-sound-0825_824,2.6735625,/u/home/s/spaceman/project-voicesafe/spapl/vijay/speechbrain/cough_audio/icbi//noise/pointsource_noises/noise-free-sound-0825.wav,wav,
noise-free-sound-0826_825,11.18175,/u/home/s/spaceman/project-voicesafe/spapl/vijay/speechbrain/cough_audio/icbi//noise/pointsource_noises/noise-free-sound-0826.wav,wav,
noise-free-sound-0827_826,0.548,/u/home/s/spaceman/project-voicesafe/spapl/vijay/speechbrain/cough_audio/icbi//noise/pointsource_noises/noise-free-sound-0827.wav,wav,
noise-free-sound-0828_827,60.081625,/u/home/s/spaceman/project-voicesafe/spapl/vijay/speechbrain/cough_audio/icbi//noise/pointsource_noises/noise-free-sound-0828.wav,wav,
noise-free-sound-0829_828,6.7504375,/u/home/s/spaceman/project-voicesafe/spapl/vijay/speechbrain/cough_audio/icbi//noise/pointsource_noises/noise-free-sound-0829.wav,wav,
noise-free-sound-0830_829,0.9581875,/u/home/s/spaceman/project-voicesafe/spapl/vijay/speechbrain/cough_audio/icbi//noise/pointsource_noises/noise-free-sound-0830.wav,wav,
noise-free-sound-0831_830,11.441625,/u/home/s/spaceman/project-voicesafe/spapl/vijay/speechbrain/cough_audio/icbi//noise/pointsource_noises/noise-free-sound-0831.wav,wav,
noise-free-sound-0832_831,14.9420625,/u/home/s/spaceman/project-voicesafe/spapl/vijay/speechbrain/cough_audio/icbi//noise/pointsource_noises/noise-free-sound-0832.wav,wav,
noise-free-sound-0833_832,4.97375,/u/home/s/spaceman/project-voicesafe/spapl/vijay/speechbrain/cough_audio/icbi//noise/pointsource_noises/noise-free-sound-0833.wav,wav,
noise-free-sound-0834_833,17.0666875,/u/home/s/spaceman/project-voicesafe/spapl/vijay/speechbrain/cough_audio/icbi//noise/pointsource_noises/noise-free-sound-0834.wav,wav,
noise-free-sound-0835_834,5.0515625,/u/home/s/spaceman/project-voicesafe/spapl/vijay/speechbrain/cough_audio/icbi//noise/pointsource_noises/noise-free-sound-0835.wav,wav,
noise-free-sound-0836_835,64.896,/u/home/s/spaceman/project-voicesafe/spapl/vijay/speechbrain/cough_audio/icbi//noise/pointsource_noises/noise-free-sound-0836.wav,wav,
noise-free-sound-0837_836,13.6533125,/u/home/s/spaceman/project-voicesafe/spapl/vijay/speechbrain/cough_audio/icbi//noise/pointsource_noises/noise-free-sound-0837.wav,wav,
noise-free-sound-0838_837,1.0029375,/u/home/s/spaceman/project-voicesafe/spapl/vijay/speechbrain/cough_audio/icbi//noise/pointsource_noises/noise-free-sound-0838.wav,wav,
noise-free-sound-0839_838,2.1420625,/u/home/s/spaceman/project-voicesafe/spapl/vijay/speechbrain/cough_audio/icbi//noise/pointsource_noises/noise-free-sound-0839.wav,wav,
noise-free-sound-0840_839,70.191,/u/home/s/spaceman/project-voicesafe/spapl/vijay/speechbrain/cough_audio/icbi//noise/pointsource_noises/noise-free-sound-0840.wav,wav,
noise-free-sound-0841_840,90.0,/u/home/s/spaceman/project-voicesafe/spapl/vijay/speechbrain/cough_audio/icbi//noise/pointsource_noises/noise-free-sound-0841.wav,wav,
noise-free-sound-0842_841,300.0,/u/home/s/spaceman/project-voicesafe/spapl/vijay/speechbrain/cough_audio/icbi//noise/pointsource_noises/noise-free-sound-0842.wav,wav,
noise-free-sound-0000_842,17.65875,/u/home/s/spaceman/project-voicesafe/spapl/vijay/speechbrain/cough_audio/icbi//noise/pointsource_noises/noise-free-sound-0000.wav,wav,
